dataset,parent_to_true_um,angle_vel_true_deg,n_gt_children
44b6_0113de3b,2.333728575156074,28.264489545044984,1
44b6_0113de3b,4.0827619710803615,91.98863253284696,1
44b6_0113de3b,3.72334275215162,,1
44b6_0113de3b,0.40625,100.02498786207575,1
44b6_0113de3b,1.86167137607581,22.20765429859646,1
44b6_0113de3b,2.0714766773970688,20.446413905221654,1
44b6_0113de3b,2.7252078475778685,66.8119864254182,1
44b6_0113de3b,1.86167137607581,28.560825217811256,1
44b6_0113de3b,2.333728575156074,12.90167943645999,1
44b6_0113de3b,3.2752922102462856,46.61689310503679,1
44b6_0113de3b,1.284675299443404,49.76364169072618,1
44b6_0113de3b,2.1877232028983924,61.74268831149623,1
44b6_0113de3b,1.1490485194281397,76.3669777746336,1
44b6_0113de3b,3.8540258983302125,12.724355685422363,1
44b6_0113de3b,6.724634051381532,24.08220272703551,1
44b6_0113de3b,3.040096626753827,40.69639215113094,1
44b6_0113de3b,1.86167137607581,35.70840231807213,1
44b6_0113de3b,1.6750116604071745,60.302874828953506,1
44b6_0113de3b,2.7252078475778685,49.39870535499553,1
44b6_0113de3b,4.0625,126.86989764584402,1
44b6_0113de3b,3.447145558284419,12.24366783546107,1
44b6_0113de3b,7.814374775053984,163.13601515113564,1
44b6_0113de3b,3.300390601883359,29.49620849656643,1
44b6_0113de3b,1.8168052317185792,12.604382648379175,1
44b6_0113de3b,2.1877232028983924,32.81120602934053,1
44b6_0113de3b,3.8540258983302125,64.89590974977861,1
44b6_0113de3b,3.494694639736067,86.03559396403553,1
44b6_0113de3b,2.333728575156074,69.17103516203332,1
44b6_0113de3b,5.138701197773616,14.963217433307127,1
44b6_0113de3b,4.614113030962723,28.155171687053933,1
44b6_0113de3b,6.410516871711672,16.065591422225015,1
44b6_0113de3b,3.374565944310468,42.95426520245598,1
44b6_0113de3b,3.65625,66.15736397620763,1
44b6_0113de3b,2.03125,55.30484646876604,1
44b6_0113de3b,4.4502457797294745,22.82699023521975,1
44b6_0113de3b,3.917733121653388,82.87758582104647,1
44b6_0113de3b,3.494694639736067,6.478353972400488,1
44b6_0113de3b,2.0714766773970688,7.1250163489018075,1
44b6_0113de3b,2.2980970388562794,19.106605350869078,1
44b6_0113de3b,1.8168052317185792,66.42182152179818,1
44b6_0113de3b,2.4375,26.565051177077994,1
44b6_0113de3b,3.350023320814349,66.51389245496905,1
44b6_0113de3b,4.0827619710803615,23.840128854959865,1
44b6_0113de3b,3.374565944310468,45.8556636723969,1
44b6_0113de3b,4.021669817998489,18.278471366897346,1
44b6_0113de3b,2.1877232028983924,21.80140948635181,1
44b6_0113de3b,2.1877232028983924,43.60281897270363,1
44b6_0b24845f,2.9295104113144914,90.0,1
44b6_0b24845f,1.86167137607581,10.163203369476319,1
44b6_0b24845f,2.4375,31.8061000193785,1
44b6_0b24845f,2.632800908728193,5.0134749961030085,1
44b6_0b24845f,1.6750116604071745,30.029474080019895,1
44b6_0b24845f,0.9084026158592896,60.692698806934786,1
44b6_0b24845f,2.333728575156074,21.745179173516373,1
44b6_0b24845f,2.0714766773970688,106.10211375198602,1
44b6_0b24845f,0.0,,1
44b6_0b24845f,1.7235727791422095,166.36697777463363,1
44b6_0b24845f,0.9084026158592896,14.036243467926484,1
44b6_0b24845f,5.154734625807618,26.729368602848048,1
44b6_0b24845f,2.333728575156074,38.26016778348882,1
44b6_0b24845f,1.6750116604071745,15.708637829015716,1
44b6_0b24845f,0.9084026158592896,71.50582037526348,1
44b6_0b24845f,2.0714766773970688,84.96836277827504,1
44b6_0b24845f,0.40625,62.06164727039765,1
44b6_0b24845f,1.86167137607581,21.6259722854344,1
44b6_0b24845f,3.300390601883359,32.3922214955795,1
44b6_0b24845f,1.1490485194281397,62.42495228952325,1
44b6_0b24845f,2.4375,,1
44b6_0b24845f,2.9575446425202108,7.895142105045824,1
44b6_0b24845f,0.9084026158592896,116.010063777574,1
44b6_0b24845f,0.9084026158592896,90.0,1
44b6_0b24845f,1.625,90.0,1
44b6_0b24845f,2.7252078475778685,37.340362293841316,1
44b6_0b24845f,1.86167137607581,32.66997331820362,1
44b6_0b24845f,1.86167137607581,81.12360491902666,1
44b6_0b24845f,0.9084026158592896,60.7940677526006,1
44b6_0b24845f,1.8168052317185792,49.398705354995535,1
44b6_0b24845f,1.7235727791422095,108.43494882292201,1
44b6_0b24845f,0.40625,79.97501213792427,1
44b6_0b24845f,3.350023320814349,12.528807709151492,1
44b6_0b24845f,0.5745242597140698,,1
44b6_0b24845f,3.2752922102462856,,1
44b6_0b24845f,2.9575446425202108,37.00493687247433,1
44b6_0b24845f,0.5745242597140698,56.309932474020215,1
44b6_0b24845f,2.6012692214570947,47.409573364093035,1
44b6_0b24845f,2.0714766773970688,52.1250163489018,1
44b6_0b24845f,3.300390601883359,0.0,1
44b6_0b24845f,2.368824207280903,29.353226859959396,1
44b6_0b24845f,4.0827619710803615,29.71061986959467,1
44b6_0b24845f,2.0714766773970688,63.989936222426,1
44b6_0b24845f,3.7454399357752353,50.9061411137705,1
44b6_0b24845f,0.9084026158592896,83.94925398408826,1
44b6_0b24845f,1.284675299443404,98.13010235415598,1
44b6_0b24845f,4.958913218891817,24.25413321535316,1
44b6_33b596bf,4.318496736423452,22.654245245343137,1
44b6_33b596bf,5.025034981221523,9.320872283104913,1
44b6_33b596bf,3.65625,31.8061000193785,1
44b6_33b596bf,3.65625,36.75193392499763,1
44b6_33b596bf,0.40625,90.0,1
44b6_33b596bf,2.9575446425202108,145.50376270990907,1
44b6_33b596bf,3.9804208320226646,6.712138564994525,1
44b6_33b596bf,3.72334275215162,33.980485331194714,1
44b6_33b596bf,2.84375,26.565051177077994,1
44b6_33b596bf,3.2752922102462856,31.54726348445136,1
44b6_33b596bf,2.7252078475778685,18.434948822921974,1
44b6_33b596bf,3.72334275215162,35.59762052025825,1
44b6_33b596bf,3.471001521535247,9.246112745563272,1
44b6_33b596bf,2.1877232028983924,10.491477012331599,1
44b6_33b596bf,0.9084026158592896,32.35625377597712,1
44b6_33b596bf,3.447145558284419,32.549468814816535,1
44b6_33b596bf,4.182599744775969,8.498558879493697,1
44b6_33b596bf,1.625,,1
44b6_33b596bf,1.9902104160113323,22.501461477900534,1
44b6_33b596bf,2.569350598886808,18.434948822921996,1
44b6_33b596bf,3.6336104634371584,31.948059431330066,1
44b6_33b596bf,3.040096626753827,105.501359566937,1
44b6_33b596bf,1.1490485194281397,30.96375653207351,1
44b6_33b596bf,2.0714766773970688,26.010063777574,1
44b6_33b596bf,2.0714766773970688,31.8061000193785,1
44b6_33b596bf,3.494694639736067,20.4104455216585,1
44b6_33b596bf,0.5745242597140698,132.83583728370232,1
44b6_33b596bf,5.998209368219819,16.699244233993635,1
44b6_33b596bf,2.0714766773970688,78.69006752597979,1
44b6_33b596bf,3.0671202393287422,37.266995023289724,1
44b6_33b596bf,2.0714766773970688,61.289485196402055,1
44b6_33b596bf,2.9575446425202108,54.766192874986466,1
44b6_33b596bf,2.03125,57.54369153814105,1
44b6_33b596bf,0.40625,0.0,1
44b6_33b596bf,1.625,36.86989764584401,1
44b6_33b596bf,2.2980970388562794,33.69006752597977,1
44b6_33b596bf,2.03125,53.13010235415598,1
44b6_33b596bf,5.28125,13.215985749537214,1
44b6_33b596bf,1.21875,45.00000000000001,1
44b6_33b596bf,2.03125,10.304846468766044,1
44b6_33b596bf,2.9295104113144914,41.908847881803275,1
44b6_33b596bf,1.284675299443404,32.31153323742385,1
44b6_33b596bf,3.1729139308370784,33.56563872420533,1
44b6_33b596bf,3.7454399357752353,25.917538494732423,1
44b6_33b596bf,3.65625,15.924144687060059,1
44b6_33b596bf,2.8726212985703494,16.699244233993635,1
44b6_33b596bf,2.0714766773970688,78.69006752597979,1
44b6_33b596bf,2.333728575156074,51.55986981360151,1
44b6_33b596bf,0.9084026158592896,71.56505117707799,1
6bba_05b6850b,2.03125,158.19859051364818,1
6bba_05b6850b,0.40625,45.0,1
6bba_05b6850b,1.625,10.555380466061118,1
6bba_05b6850b,0.9084026158592896,,1
6bba_05b6850b,0.5745242597140698,45.0,1
6bba_05b6850b,0.5745242597140698,99.87496139782128,1
6bba_05b6850b,3.8540258983302125,,1
6bba_05b6850b,0.40625,90.0,1
6bba_05b6850b,0.0,,1
6bba_05b6850b,0.5745242597140698,80.12503860217872,1
6bba_05b6850b,3.350023320814349,,1
6bba_05b6850b,1.6750116604071745,0.0,1
6bba_05b6850b,0.8125,180.0,1
6bba_05b6850b,2.1877232028983924,155.99363652708556,1
6bba_05b6850b,0.40625,75.96375653207353,1
6bba_05b6850b,0.5745242597140698,93.3664606634298,1
6bba_05b6850b,0.40625,90.0,1
6bba_05b6850b,2.0714766773970688,135.518542156226,1
6bba_05b6850b,0.8125,15.945395900922858,1
6bba_05b6850b,1.86167137607581,62.42495228952325,1
6bba_05b6850b,0.9084026158592896,7.125016348901858,1
6bba_05b6850b,1.625,90.0,1
6bba_05b6850b,2.9575446425202108,,1
6bba_05b6850b,0.5745242597140698,64.89590974977861,1
6bba_05b6850b,1.6750116604071745,90.0,1
6bba_05b6850b,1.6750116604071745,129.2940491280933,1
6bba_05b6850b,3.093907824257213,,1
6bba_05b6850b,0.5745242597140698,18.434948822922035,1
6bba_05b6850b,2.9575446425202108,56.43617155956663,1
6bba_05b6850b,0.0,,1
6bba_05b6850b,4.182599744775969,73.05906240125378,1
6bba_05b6850b,0.0,,1
6bba_05b6850b,0.5745242597140698,153.43494882292202,1
6bba_05b6850b,1.284675299443404,18.434948822921996,1
6bba_05b6850b,0.9084026158592896,,1
6bba_05b6850b,0.9084026158592896,61.11547631775107,1
6bba_05b6850b,1.86167137607581,69.81620322790722,1
6bba_05b6850b,0.9084026158592896,98.13010235415598,1
6bba_05b6850b,0.0,,1
6bba_05b6850b,0.9084026158592896,53.13010235415599,1
6bba_05b6850b,0.9084026158592896,81.97031974300324,1
6bba_05b6850b,0.5745242597140698,,1
6bba_05b6850b,0.9084026158592896,90.0,1
6bba_05b6850b,0.0,,1
6bba_05b6850b,0.0,,1
6bba_05b6850b,0.0,,1
6bba_05b6850b,1.284675299443404,63.43494882292201,1
6bba_05b6850b,0.8125,63.43494882292201,1
6bba_05b6850b,3.72334275215162,,1
6bba_05b6850b,3.447145558284419,166.36697777463363,1
6bba_05b6850b,0.8125,90.0,1
6bba_05b6850b,0.40625,63.43494882292201,1
6bba_05b6850b,1.7235727791422095,166.36697777463363,1
6bba_05b6850b,0.0,,1
6bba_05b6850b,3.2752922102462856,,1
6bba_05b6850b,1.8168052317185792,,1
6bba_05b6850b,1.4647552056572457,160.55996517182382,1
6bba_05b6850b,0.5745242597140698,80.12503860217872,1
6bba_05b6850b,1.6750116604071745,90.0,1
6bba_05b6850b,2.6012692214570947,42.88484958986351,1
6bba_05b6850b,0.40625,90.0,1
6bba_05b6850b,1.6750116604071745,90.0,1
6bba_05b6850b,0.9084026158592896,83.77314970286564,1
6bba_05b6850b,2.0714766773970688,53.250248705229886,1
6bba_05b6850b,0.5745242597140698,71.56505117707799,1
6bba_05b6850b,0.5745242597140698,80.12503860217872,1
6bba_05b6850b,1.86167137607581,64.12330993917249,1
6bba_05b6850b,0.5745242597140698,90.0,1
6bba_05b6850b,0.5745242597140698,,1
6bba_05b6850b,2.1877232028983924,51.827477899561856,1
6bba_05b6850b,0.9084026158592896,18.434948822922035,1
6bba_05b6850b,0.0,,1
6bba_05b6850b,0.9084026158592896,101.53695903281549,1
6bba_05b6850b,0.5745242597140698,45.0,1
6bba_05b6850b,0.9084026158592896,113.57817847820183,1
6bba_05b6850b,0.9084026158592896,,1
6bba_05b6850b,0.9084026158592896,72.97613381500423,1
6bba_05b6850b,0.0,,1
6bba_05b6850b,1.284675299443404,26.56505117707798,1
6bba_05b6850b,0.8125,180.0,1
6bba_05b6850b,1.1490485194281397,64.89590974977861,1
6bba_05b6850b,0.0,,1
6bba_05b6850b,0.40625,,1
6bba_05b6850b,2.6012692214570947,159.62356478616366,1
6bba_05b6850b,0.9084026158592896,102.52880770915151,1
6bba_05b6850b,2.368824207280903,161.56505117707803,1
6bba_05b6850b,0.40625,135.0,1
6bba_05b6850b,1.6750116604071745,90.0,1
6bba_05b6850b,0.9084026158592896,63.43494882292201,1
6bba_05b6850b,1.8168052317185792,71.56505117707799,1
6bba_05b6850b,0.40625,102.60438264837919,1
6bba_05b6850b,0.40625,103.63302222536642,1
6bba_05b6850b,1.8168052317185792,66.42182152179818,1
6bba_05b6850b,1.4647552056572457,93.74821518784054,1
6bba_05b6850b,1.8168052317185792,,1
6bba_05b6850b,1.6750116604071745,80.12503860217872,1
6bba_05b6850b,0.0,,1
6bba_05b6850b,0.0,,1
6bba_05b6850b,0.40625,45.0,1
6bba_05b6850b,0.5745242597140698,109.47122063449069,1
6bba_05b6850b,0.8125,48.18968510422141,1
6bba_05b6850b,1.1490485194281397,90.0,1
6bba_05b6850b,1.7235727791422095,52.961594085237714,1
6bba_05b6850b,0.0,,1
6bba_05b6850b,2.0714766773970688,143.96010656969617,1
6bba_05b6850b,2.333728575156074,41.41293640546541,1
6bba_05b6850b,0.40625,135.0,1
6bba_05b6850b,1.4647552056572457,70.92168567381346,1
6bba_05b6850b,0.40625,90.0,1
6bba_05b6850b,1.625,90.0,1
6bba_05b6850b,1.6750116604071745,40.60129464500447,1
6bba_05b6850b,0.9084026158592896,,1
6bba_05b6850b,1.8168052317185792,63.43494882292201,1
6bba_05b6850b,1.6750116604071745,90.0,1
6bba_05b6850b,0.9084026158592896,63.43494882292201,1
6bba_05b6850b,1.4647552056572457,93.46981885589007,1
6bba_05b6850b,0.0,,1
6bba_05b6850b,1.1490485194281397,71.56505117707799,1
6bba_05b6850b,0.40625,109.47122063449069,1
6bba_05b6850b,0.0,,1
6bba_05b6850b,0.5745242597140698,71.56505117707799,1
6bba_05b6850b,0.0,,1
6bba_05b6850b,0.40625,68.1985905136482,1
6bba_05b6850b,0.9084026158592896,26.565051177077994,1
6bba_05b6850b,5.154734625807618,169.85660210506873,1
6bba_05b6850b,0.5745242597140698,135.0,1
6bba_05b6850b,0.0,,1
6bba_05b6850b,1.21875,135.0,1
6bba_05b6850b,0.40625,,1
6bba_05b6850b,2.7252078475778685,15.25511870305774,1
6bba_05b6850b,3.72334275215162,117.57504771047678,1
6bba_05b6850b,0.9084026158592896,96.22685029713438,1
6bba_05b6850b,0.9084026158592896,69.56068242674176,1
6bba_05b6850b,1.8168052317185792,161.56505117707798,1
6bba_05b6850b,1.9902104160113323,,1
6bba_05b6850b,1.8168052317185792,26.565051177077994,1
6bba_05b6850b,2.2980970388562794,99.87496139782128,1
6bba_05b6850b,0.0,,1
6bba_05b6850b,0.8125,111.80140948635182,1
6bba_05b6850b,0.0,,1
6bba_05b6850b,0.40625,135.0,1
6bba_05b6850b,1.284675299443404,69.81620322790722,1
6bba_05b6850b,0.5745242597140698,135.0,1
6bba_05b6850b,1.86167137607581,,1
6bba_05b6850b,1.8168052317185792,,1
6bba_05b6850b,0.5745242597140698,135.0,1
6bba_05b6850b,0.0,,1
6bba_05b6850b,0.40625,76.3669777746336,1
6bba_05b6850b,0.40625,90.0,1
6bba_05b6850b,0.5745242597140698,45.0,1
6bba_05b6850b,0.5745242597140698,80.12503860217872,1
6bba_05b6850b,0.40625,126.03989343030386,1
6bba_05b6850b,0.40625,90.0,1
6bba_05b6850b,0.9084026158592896,96.05074601591174,1
6bba_05b6850b,0.0,,1
6bba_05b6850b,2.1877232028983924,131.63353933657018,1
6bba_05b6850b,0.40625,,1
6bba_05b6850b,0.0,,1
6bba_05b6850b,0.40625,76.3669777746336,1
6bba_05b6850b,0.5745242597140698,90.0,1
6bba_05b6850b,0.5745242597140698,45.0,1
6bba_05b6850b,0.8125,64.12330993917249,1
6bba_05b6850b,0.9084026158592896,143.13010235415598,1
6bba_05b6850b,0.0,,1
6bba_05b6850b,1.8168052317185792,63.989936222426,1
6bba_05b6850b,1.4647552056572457,126.16926773414153,1
6bba_05b6850b,1.7235727791422095,76.3669777746336,1
6bba_05b6850b,1.284675299443404,94.39870535499554,1
6bba_05b6850b,0.0,,1
6bba_05b6850b,1.7235727791422095,39.66403535711893,1
6bba_05b6850b,0.0,,1
6bba_05b6850b,0.9084026158592896,62.47219323145048,1
6bba_05b6850b,0.9084026158592896,18.434948822922035,1
6bba_05b6850b,1.7235727791422095,103.63302222536642,1
6bba_05b6850b,1.86167137607581,90.0,1
6bba_05b6850b,0.9084026158592896,,1
6bba_05b6850b,3.7454399357752353,90.0,1
6bba_05b6850b,3.471001521535247,71.6962645738912,1
6bba_05b6850b,2.1877232028983924,71.08431755376213,1
6bba_05b6850b,1.9902104160113323,79.48026510934139,1
6bba_05b6850b,2.2980970388562794,,1
6bba_05b6850b,0.8125,180.0,1
6bba_05b6850b,2.2980970388562794,,1
6bba_05b6850b,0.9084026158592896,36.86989764584403,1
6bba_05b6850b,4.958913218891817,85.30088053563017,1
6bba_05b6850b,3.917733121653388,115.28126476866309,1
6bba_05b6850b,5.008586377412294,,1
6bba_05b6850b,0.9084026158592896,126.86989764584402,1
6bba_05b6850b,1.1490485194281397,,1
6bba_05b6850b,0.40625,45.0,1
6bba_05b6850b,0.5745242597140698,,1
6bba_05b6850b,2.1877232028983924,131.0359291168989,1
6bba_05b6850b,1.7235727791422095,76.3669777746336,1
6bba_05b6850b,0.9084026158592896,69.56068242674176,1
6bba_05b6850b,0.5745242597140698,45.0,1
6bba_05b6850b,0.0,,1
6bba_05b6850b,1.7235727791422095,76.3669777746336,1
6bba_05b6850b,0.0,,1
6bba_05b6850b,1.6750116604071745,90.0,1
6bba_05b6850b,0.9084026158592896,69.64518356996454,1
6bba_05b6850b,0.40625,90.0,1
6bba_05b6850b,3.300390601883359,109.1713746302339,1
6bba_05b6850b,0.0,,1
6bba_05b6850b,0.40625,127.98516729935561,1
6bba_05b6850b,0.5745242597140698,146.30993247402026,1
6bba_05b6850b,0.8125,116.56505117707799,1
6bba_05b6850b,6.512682938889317,172.03193808815337,1
6bba_05b6850b,0.0,,1
6bba_05b6850b,3.832554834897995,,1
6bba_05b6850b,0.40625,135.0,1
6bba_05b6850b,0.40625,90.0,1
6bba_05b6850b,0.40625,90.0,1
6bba_05b6850b,0.0,,1
6bba_05b6850b,1.8168052317185792,123.21091076089908,1
6bba_05b6850b,1.6750116604071745,101.64234543708984,1
6bba_05b6850b,0.8125,90.0,1
6bba_05b6850b,0.9084026158592896,18.434948822922035,1
6bba_05b6850b,0.0,,1
6bba_05b6850b,3.2752922102462856,97.1250163489018,1
6bba_05b6850b,1.1490485194281397,62.42495228952325,1
6bba_05b6850b,3.350023320814349,,1
6bba_05b6850b,0.40625,153.434948822922,1
6bba_05b6850b,1.4647552056572457,146.30993247402023,1
6bba_05b6850b,7.468815376282908,,1
6bba_05b6850b,0.0,,1
6bba_05b6850b,0.8125,90.0,1
6bba_05b6850b,1.7235727791422095,56.63491197922431,1
6bba_05b6850b,0.40625,90.0,1
6bba_05b6850b,0.8125,45.0,1
6bba_05b6850b,0.0,,1
6bba_05b6850b,1.625,18.434948822921996,1
6bba_05b6850b,1.4647552056572457,97.73170654900389,1
6bba_05b6850b,0.0,,1
6bba_05b6850b,1.4647552056572457,61.041105120532784,1
6bba_05b6850b,0.40625,90.0,1
6bba_05b6850b,0.9084026158592896,108.43494882292201,1
6bba_05b6850b,1.625,90.0,1
6bba_05b6850b,1.86167137607581,162.24720983805335,1
6bba_05b6850b,2.4375,,1
6bba_05b6850b,1.6750116604071745,133.8762651909286,1
6bba_05b6850b,2.6012692214570947,123.51516171382796,1
6bba_05b6850b,2.6012692214570947,73.77726564884665,1
6bba_05b6850b,0.0,,1
6bba_05b6850b,0.40625,26.565051177077994,1
6bba_05b6850b,0.0,,1
6bba_05b6850b,1.8168052317185792,20.900922096570543,1
6bba_05b6850b,0.5745242597140698,81.12360491902666,1
6bba_05b6850b,0.0,,1
6bba_05b6850b,0.40625,,1
6bba_05b6850b,0.40625,90.0,1
6bba_05b6850b,0.40625,135.0,1
6bba_05b6850b,0.40625,90.0,1
6bba_05b6850b,0.0,,1
6bba_05b6850b,0.5745242597140698,98.87639508097335,1
6bba_05b6850b,0.5745242597140698,,1
6bba_05b6850b,1.4647552056572457,168.6900675259798,1
6bba_05b6850b,0.40625,45.0,1
6bba_05b6850b,1.21875,90.0,1
6bba_05b6850b,1.8168052317185792,151.43917478218876,1
6bba_05b6850b,1.86167137607581,,1
6bba_05b6850b,1.6750116604071745,149.03624346792648,1
6bba_05b6850b,2.333728575156074,,1
6bba_05b6850b,0.5745242597140698,90.0,1
6bba_05b6850b,0.5745242597140698,108.43494882292201,1
6bba_05b6850b,0.0,,1
6bba_05b6850b,0.40625,90.0,1
6bba_05b6850b,1.7235727791422095,11.309932474020195,1
6bba_05b6850b,0.9084026158592896,90.0,1
6bba_05b6850b,3.7454399357752353,,1
6bba_05b6850b,0.5745242597140698,161.56505117707798,1
6bba_05b6850b,0.9084026158592896,90.0,1
6bba_05b6850b,1.6750116604071745,75.96375653207353,1
6bba_05b6850b,0.9084026158592896,83.77314970286564,1
6bba_05b6850b,1.8168052317185792,,1
6bba_05b6850b,0.5745242597140698,135.0,1
6bba_05b6850b,0.5745242597140698,98.87639508097335,1
6bba_05b6850b,1.8168052317185792,116.56505117707799,1
6bba_05b6850b,2.368824207280903,,1
6bba_05b6850b,0.40625,135.0,1
6bba_05b6850b,2.0714766773970688,84.96836277827504,1
6bba_05b6850b,0.0,,1
6bba_05b6850b,0.5745242597140698,81.12360491902666,1
6bba_05b6850b,0.40625,116.56505117707799,1
6bba_05b6850b,1.625,90.0,1
6bba_05b6850b,1.284675299443404,124.69515353123397,1
6bba_05b6850b,2.2980970388562794,25.284996046051784,1
6bba_05b6850b,1.625,90.0,1
6bba_05b6850b,1.7235727791422095,91.27052364178712,1
6bba_05b6850b,1.284675299443404,,1
6bba_05b6850b,0.8125,103.63302222536642,1
6bba_05b6850b,1.21875,32.573555699196866,1
6bba_05b6850b,1.4647552056572457,97.1250163489018,1
6bba_05b6850b,0.40625,33.69006752597979,1
6bba_05b6850b,1.7235727791422095,96.05074601591174,1
6bba_05b6850b,4.0625,,1
6bba_05b6850b,1.86167137607581,64.12330993917249,1
6bba_05b6850b,0.0,,1
6bba_05b6850b,0.0,,1
6bba_05b6850b,0.9084026158592896,63.43494882292201,1
6bba_05b6850b,0.40625,90.0,1
6bba_05b6850b,0.9084026158592896,18.434948822921996,1
6bba_05b6850b,0.0,,1
6bba_05b6850b,0.9084026158592896,66.3706222693432,1
6bba_05b6850b,1.86167137607581,67.34605052073726,1
6bba_05b6850b,0.0,,1
6bba_05b6850b,2.4375,135.0,1
6bba_05b6850b,1.86167137607581,112.97690332020989,1
6bba_05b6850b,0.8125,26.565051177077994,1
6bba_05b6850b,0.0,,1
6bba_05b6850b,2.4375,21.801409486351833,1
6bba_05b6850b,1.625,90.0,1
6bba_05b6850b,0.9084026158592896,26.565051177077994,1
6bba_05b6850b,1.6750116604071745,,1
6bba_05b6850b,0.0,,1
6bba_05b6850b,0.5745242597140698,,1
6bba_05b6850b,1.284675299443404,111.84544763964247,1
6bba_05b6850b,1.86167137607581,81.12360491902666,1
6bba_05b6850b,0.40625,116.56505117707799,1
6bba_05b6850b,0.40625,78.69006752597979,1
6bba_05b6850b,0.5745242597140698,11.309932474020195,1
6bba_05b6850b,3.374565944310468,,1
6bba_05b6850b,0.40625,103.63302222536642,1
6bba_05b6850b,0.0,,1
6bba_05b6850b,0.40625,146.30993247402023,1
6bba_05b6850b,0.40625,45.0,1
6bba_05b6850b,2.333728575156074,134.47910057477236,1
6bba_05b6850b,0.5745242597140698,161.56505117707798,1
6bba_05b6850b,2.03125,52.20588605098472,1
6bba_05b6850b,0.8125,26.565051177077994,1
6bba_05b6850b,0.0,,1
6bba_05b6850b,2.632800908728193,143.14273451156035,1
6bba_05b6850b,3.300390601883359,141.2220857009586,1
6bba_05b6850b,2.368824207280903,42.1868645269472,1
6bba_05b6850b,0.0,,1
6bba_05b6850b,3.2752922102462856,144.29159768192787,1
6bba_05b6850b,1.6750116604071745,,1
6bba_05b6850b,0.9084026158592896,153.434948822922,1
6bba_05b6850b,2.1877232028983924,65.72892769615521,1
6bba_05b6850b,0.0,,1
6bba_05b6850b,0.0,,1
6bba_05b6850b,2.632800908728193,,1
6bba_05b6850b,0.9084026158592896,67.02309667979011,1
6bba_05b6850b,3.300390601883359,19.927139727099316,1
6bba_05b6850b,0.40625,180.0,1
6bba_05b6850b,1.284675299443404,,1
6bba_05b6850b,1.6750116604071745,99.87496139782128,1
6bba_05b6850b,1.21875,76.3669777746336,1
6bba_05b6850b,2.4375,,1
6bba_05b6850b,1.625,,1
6bba_05b6850b,2.1877232028983924,99.30134841267991,1
6bba_05b6850b,1.6750116604071745,77.47119229084849,1
6bba_05b6850b,1.1490485194281397,90.0,1
6bba_05b6850b,4.5420130792964475,,1
6bba_05b6850b,2.6012692214570947,,1
6bba_05b6850b,1.8168052317185792,71.56505117707799,1
6bba_05b6850b,0.0,,1
6bba_05b6850b,1.625,90.0,1
6bba_05b6850b,1.86167137607581,81.12360491902666,1
6bba_05b6850b,0.8125,104.03624346792648,1
6bba_05b6850b,1.625,42.0311137741973,1
6bba_05b6850b,0.9084026158592896,40.60129464500447,1
6bba_05b6850b,1.7235727791422095,70.92168567381346,1
6bba_05b6850b,0.9084026158592896,116.56505117707799,1
6bba_05b6850b,0.0,,1
6bba_05b6850b,0.40625,180.0,1
6bba_05b6850b,1.86167137607581,162.29991368734454,1
6bba_05b6850b,0.9084026158592896,153.434948822922,1
6bba_05b6850b,6.512682938889317,139.8626687898442,1
6bba_05b6850b,2.4375,53.395723557294346,1
6bba_05b6850b,0.0,,1
6bba_05b6850b,0.40625,135.0,1
6bba_05b6850b,2.03125,90.0,1
6bba_05b6850b,1.6750116604071745,149.0362434679265,1
6bba_05b6850b,0.8125,90.0,1
6bba_05b6850b,0.5745242597140698,108.43494882292201,1
6bba_05b6850b,0.0,,1
6bba_05b6850b,2.2980970388562794,,1
6bba_05b6850b,0.40625,90.0,1
6bba_05b6850b,1.1490485194281397,108.43494882292201,1
6bba_05b6850b,0.0,,1
6bba_05b6850b,0.0,,1
6bba_05b6850b,0.5745242597140698,70.59873726270305,1
6bba_05b6850b,1.6750116604071745,162.29991368734454,1
6bba_05b6850b,1.7235727791422095,90.0,1
6bba_05b6850b,0.5745242597140698,45.0,1
6bba_05b6850b,3.2752922102462856,,1
6bba_05b6850b,1.86167137607581,108.91568244623787,1
6bba_05b6850b,1.7235727791422095,103.63302222536642,1
6bba_05b6850b,0.5745242597140698,18.434948822922035,1
6bba_05b6850b,0.8125,116.56505117707799,1
6bba_05b6850b,0.40625,35.79575991470708,1
6bba_05b6850b,0.5745242597140698,113.19859051364818,1
6bba_05b6850b,1.7235727791422095,56.48483828617204,1
6bba_05b6850b,0.8125,90.0,1
6bba_05b6850b,1.4647552056572457,128.17252210043813,1
6bba_05b6850b,1.9902104160113323,,1
6bba_05b6850b,1.284675299443404,8.130102354156005,1
6bba_05b6850b,1.6750116604071745,162.29991368734454,1
6bba_05b6850b,0.40625,,1
6bba_05b6850b,1.86167137607581,,1
6bba_05b6850b,1.284675299443404,18.434948822921996,1
6bba_05b6850b,0.8125,64.12330993917249,1
6bba_05b6850b,6.512682938889317,,1
6bba_05b6850b,0.5745242597140698,,1
6bba_05b6850b,1.8168052317185792,,1
6bba_05b6850b,1.7235727791422095,,1
6bba_05b6850b,0.9084026158592896,116.56505117707799,1
6bba_05b6850b,1.284675299443404,90.0,1
6bba_05b6850b,1.4647552056572457,101.64234543708984,1
6bba_05b6850b,0.0,,1
6bba_05b6850b,0.0,,1
6bba_05b6850b,0.5745242597140698,109.47122063449069,1
6bba_05b6850b,0.40625,180.0,1
6bba_05b6850b,2.569350598886808,,1
6bba_05b6850b,1.4647552056572457,146.30993247402023,1
6bba_05b6850b,1.6750116604071745,80.12503860217872,1
6bba_05b6850b,1.6750116604071745,103.60896063078293,1
6bba_05b6850b,0.0,,1
6bba_05b6850b,0.5745242597140698,135.0,1
6bba_05b6850b,1.6750116604071745,,1
6bba_05b6850b,0.40625,63.43494882292201,1
6bba_05b6850b,1.1490485194281397,45.0,1
6bba_05b6850b,1.6750116604071745,167.47119229084848,1
6bba_05b6850b,1.625,90.0,1
6bba_05b6850b,1.7235727791422095,90.0,1
6bba_05b6850b,0.0,,1
6bba_05b6850b,0.8125,180.0,1
6bba_05b6850b,0.40625,26.565051177077994,1
6bba_05b6850b,0.9084026158592896,77.47119229084849,1
6bba_05b6850b,0.40625,180.0,1
6bba_05b6850b,1.86167137607581,128.58020579654792,1
6bba_05b6850b,0.5745242597140698,90.0,1
6bba_05b6850b,0.5745242597140698,108.43494882292201,1
6bba_05b6850b,0.40625,135.0,1
6bba_05b6850b,1.8168052317185792,134.47910057477236,1
6bba_05b6850b,1.21875,45.0,1
6bba_05b6850b,0.40625,116.56505117707799,1
6bba_05b6850b,0.0,,1
6bba_05b6850b,2.1877232028983924,,1
6bba_05b6850b,0.9084026158592896,153.434948822922,1
6bba_05b6850b,0.40625,104.03624346792648,1
6bba_05b6850b,0.40625,90.0,1
6bba_05b6850b,5.154734625807618,,1
6bba_05b6850b,0.8125,90.0,1
6bba_05b6850b,0.8125,102.60438264837919,1
6bba_05b6850b,0.40625,153.434948822922,1
6bba_05b6850b,0.0,,1
6bba_05b6850b,3.494694639736067,74.93363908449489,1
6bba_05b6850b,1.7235727791422095,161.565051177078,1
6bba_05b6850b,3.9804208320226646,160.5287793655093,1
6bba_05b6850b,1.86167137607581,62.42495228952325,1
6bba_05b6850b,0.0,,1
6bba_05b6850b,0.9084026158592896,108.43494882292201,1
6bba_05b6850b,1.86167137607581,109.99156072714145,1
6bba_05b6850b,0.0,,1
6bba_05b6850b,2.0714766773970688,146.88865803962798,1
6bba_05b6850b,1.86167137607581,62.42495228952325,1
6bba_05b6850b,1.8168052317185792,,1
6bba_05b6850b,0.0,,1
6bba_05b6850b,0.0,,1
6bba_05b6850b,1.6750116604071745,15.708637829015716,1
6bba_05b6850b,0.0,,1
6bba_05b6850b,1.9902104160113323,124.48138937198158,1
6bba_05b6850b,1.284675299443404,64.89590974977862,1
6bba_05b6850b,0.9084026158592896,108.43494882292201,1
6bba_05b6850b,0.0,,1
6bba_05b6850b,1.86167137607581,112.97690332020989,1
6bba_05b6850b,1.4647552056572457,123.69006752597979,1
6bba_05b6850b,1.86167137607581,64.12330993917249,1
6bba_05b6850b,2.1877232028983924,127.15760643716396,1
6bba_05b6850b,0.40625,18.434948822921996,1
6bba_05b6850b,0.9084026158592896,161.56505117707798,1
6bba_05b6850b,0.0,,1
6bba_05b6850b,0.40625,,1
6bba_05b6850b,2.632800908728193,,1
6bba_05b6850b,1.8168052317185792,103.71088592962406,1
6bba_05b6850b,0.40625,90.0,1
6bba_05b6850b,1.6750116604071745,14.036243467926457,1
6bba_05b6850b,0.0,,1
6bba_05b6850b,1.86167137607581,29.205932247399414,1
6bba_05b6850b,2.6012692214570947,,1
6bba_05b6850b,0.9084026158592896,83.94925398408826,1
6bba_05b6850b,0.0,,1
6bba_05b6850b,3.374565944310468,155.45663233149568,1
6bba_05b6850b,0.5745242597140698,108.43494882292202,1
6bba_05b6850b,0.8125,108.43494882292201,1
6bba_05b6850b,0.8125,,1
6bba_05b6850b,0.8125,90.0,1
6bba_05b6850b,0.9084026158592896,,1
6bba_05b6850b,1.6750116604071745,75.96375653207353,1
6bba_05b6850b,0.8125,77.39561735162081,1
6bba_05b6850b,1.6750116604071745,102.52880770915151,1
6bba_05b6850b,0.5745242597140698,71.56505117707799,1
6bba_05b6850b,0.8125,103.63302222536642,1
6bba_05b6850b,0.40625,56.145485187379485,1
6bba_05b6850b,0.40625,78.69006752597979,1
6bba_05b6850b,0.9084026158592896,26.565051177077994,1
6bba_05b6850b,0.5745242597140698,161.56505117707798,1
6bba_05b6850b,2.632800908728193,,1
6bba_05b6850b,0.5745242597140698,23.198590513648202,1
6bba_05b6850b,1.8168052317185792,151.43917478218876,1
6bba_05b6850b,2.0714766773970688,33.69006752597977,1
6bba_05b6850b,2.333728575156074,52.014832700644405,1
6bba_05b6850b,1.8168052317185792,71.56505117707799,1
6bba_05b6850b,1.7235727791422095,,1
6bba_05b6850b,3.494694639736067,,1
6bba_05b6850b,5.658407737606049,,1
6bba_05b6850b,1.86167137607581,18.98375285682199,1
6bba_05b6850b,0.0,,1
6bba_05b6850b,1.8168052317185792,153.434948822922,1
6bba_05b6850b,0.9084026158592896,8.537736462515939e-07,1
6bba_05b6850b,0.8125,63.43494882292201,1
6bba_05b6850b,0.40625,90.0,1
6bba_05b6850b,1.284675299443404,,1
6bba_05b6850b,2.0714766773970688,,1
6bba_05b6850b,2.8726212985703494,48.17983011986423,1
6bba_05b6850b,0.40625,180.0,1
6bba_05b6850b,0.40625,69.5895544783415,1
6bba_05b6850b,1.6750116604071745,99.87496139782128,1
6bba_05b6850b,0.0,,1
6bba_05b6850b,0.8125,63.43494882292201,1
6bba_05b6850b,0.0,,1
6bba_05b6850b,1.284675299443404,107.34606529266995,1
6bba_05b6850b,0.8125,45.0,1
6bba_05b6850b,1.8168052317185792,60.7940677526006,1
6bba_05b6850b,0.8125,114.09484255211069,1
6bba_05b6850b,0.0,,1
6bba_05b6850b,1.6750116604071745,,1
6bba_05b6850b,0.8125,135.0,1
6bba_05b6850b,0.0,,1
6bba_05b6850b,1.8168052317185792,90.0,1
6bba_05b6850b,3.494694639736067,109.19583368092624,1
6bba_05b6850b,2.7252078475778685,155.6217020673771,1
6bba_05b6850b,0.40625,180.0,1
6bba_05b6850b,3.350023320814349,99.87496139782128,1
6bba_05b6850b,1.4647552056572457,,1
6bba_05b6850b,1.625,165.96375653207352,1
6bba_05b6850b,1.6750116604071745,37.78683560722211,1
6bba_05b6850b,0.5745242597140698,0.0,1
6bba_05b6850b,1.1490485194281397,,1
6bba_05b6850b,2.6012692214570947,128.6598082540901,1
6bba_05b6850b,1.21875,63.43494882292201,1
6bba_05b6850b,1.284675299443404,98.13010235415598,1
6bba_05b6850b,1.9902104160113323,54.735610317245346,1
6bba_05b6850b,0.9084026158592896,109.26775365197587,1
6bba_05b6850b,0.5745242597140698,180.0,1
6bba_05b6850b,0.9084026158592896,108.43494882292201,1
6bba_05b6850b,1.86167137607581,60.849323510822046,1
6bba_05b6850b,0.0,,1
6bba_05b6850b,0.40625,62.06164727039765,1
6bba_05b6850b,1.8168052317185792,139.3987053549955,1
6bba_05b6850b,2.8145825622994254,143.1913349270504,1
6bba_05b6850b,0.0,,1
6bba_05b6850b,0.40625,0.0,1
6bba_05b6850b,5.025034981221523,149.1543741614983,1
6bba_05b6850b,0.0,,1
6bba_05b6850b,0.40625,161.565051177078,1
6bba_05b6850b,2.0714766773970688,67.61986494804043,1
6bba_05b6850b,0.9084026158592896,153.434948822922,1
6bba_05b6850b,0.9084026158592896,26.565051177077994,1
6bba_05b6850b,0.9084026158592896,161.56505117707798,1
6bba_05b6850b,1.86167137607581,102.60438264837919,1
6bba_05b6850b,0.40625,107.34606529266995,1
6bba_05b6850b,0.40625,116.56505117707799,1
6bba_05b6850b,3.2752922102462856,,1
6bba_05b6850b,2.1877232028983924,68.1985905136482,1
6bba_05b6850b,1.21875,90.0,1
6bba_05b6850b,1.1490485194281397,90.0,1
6bba_05b6850b,1.8168052317185792,5.906141113770496,1
6bba_05b6850b,1.7235727791422095,107.34606529266995,1
6bba_05b6850b,0.40625,26.565051177077994,1
6bba_05b6850b,0.0,,1
6bba_05b6850b,4.375446405796785,,1
6bba_05b6850b,1.6750116604071745,14.036243467926484,1
6bba_05b6850b,0.0,,1
6bba_05b6850b,0.9084026158592896,63.43494882292201,1
6bba_05b6850b,0.8125,0.0,1
6bba_05b6850b,1.284675299443404,,1
6bba_05b6850b,1.1490485194281397,80.12503860217872,1
6bba_05b6850b,0.8125,90.0,1
6bba_05b6850b,1.86167137607581,,1
6bba_05b6850b,1.4647552056572457,29.744881296942236,1
6bba_05b6850b,1.21875,,1
6bba_05b6850b,0.0,,1
6bba_05b6850b,1.1490485194281397,80.12503860217872,1
6bba_05b6850b,0.0,,1
6bba_05b6850b,1.6750116604071745,,1
6bba_05b6850b,0.8125,135.0,1
6bba_05b6850b,1.86167137607581,32.13363758285745,1
6bba_05b6850b,0.8125,26.565051177077994,1
6bba_05b6850b,2.2980970388562794,,1
6bba_05b6850b,0.8125,,1
6bba_05b6850b,2.0714766773970688,56.309932474020215,1
6bba_05b6850b,2.03125,10.304846468766044,1
6bba_05b6850b,0.5745242597140698,,1
6bba_05b6850b,0.0,,1
6bba_05b6850b,2.1877232028983924,138.3664606634298,1
6bba_05b6850b,1.86167137607581,77.39561735162081,1
6bba_05b6850b,0.0,,1
6bba_05b6850b,3.1729139308370784,,1
6bba_05b6850b,0.8125,18.434948822921996,1
6bba_05b6850b,3.65625,,1
6bba_05b6850b,0.9084026158592896,108.43494882292201,1
6bba_05b6850b,0.5745242597140698,145.5037627099091,1
6bba_05b6850b,2.0714766773970688,87.27368900609373,1
6bba_05b6850b,1.7235727791422095,108.43494882292201,1
6bba_05b6850b,0.5745242597140698,71.56505117707799,1
6bba_05b6850b,0.0,,1
6bba_05b6850b,1.8168052317185792,81.86989764584403,1
6bba_05b6850b,1.8168052317185792,70.15054759332222,1
6bba_05b6850b,0.0,,1
6bba_05b6850b,3.5648292823780494,78.23729307428769,1
6bba_05b6850b,0.40625,90.0,1
6bba_05b6850b,0.8125,116.56505117707799,1
6bba_05b6850b,1.6750116604071745,83.77314970286564,1
6bba_05b6850b,1.21875,76.3669777746336,1
6bba_05b6850b,2.4375,158.19859051364818,1
6bba_05b6850b,1.7235727791422095,146.4426902380793,1
6bba_05b6850b,3.350023320814349,136.68614334171696,1
6bba_05b6850b,0.0,,1
6bba_05b6850b,0.40625,135.0,1
6bba_05b6850b,4.958913218891817,79.44461953393882,1
6bba_05b6850b,1.21875,56.145485187379485,1
6bba_05b6850b,0.5745242597140698,135.0,1
6bba_05b6850b,0.8125,90.0,1
6bba_05b6850b,0.9084026158592896,119.20593224739943,1
6bba_05b6850b,0.9084026158592896,96.22685029713438,1
6bba_05b6850b,0.9084026158592896,45.00000000000001,1
6bba_05b6850b,0.8125,90.0,1
6bba_05b6850b,5.154734625807618,71.62444571431509,1
6bba_05b6850b,0.40625,116.56505117707799,1
6bba_05b6850b,2.03125,133.4842232491903,1
6bba_05b6850b,0.0,,1
6bba_05b6850b,2.0714766773970688,121.37782917628937,1
6bba_05b6850b,0.5745242597140698,,1
6bba_05b6850b,0.5745242597140698,96.3401917459099,1
6bba_05b6850b,1.8168052317185792,63.8961188626601,1
6bba_05b6850b,1.7235727791422095,103.63302222536642,1
6bba_05b6850b,0.0,,1
6bba_05b6850b,0.9084026158592896,53.13010235415599,1
6bba_05b6850b,0.0,,1
6bba_05b6850b,1.1490485194281397,26.56505117707798,1
6bba_05b6850b,0.5745242597140698,81.12360491902666,1
6bba_05b6850b,2.333728575156074,116.82939845310757,1
6bba_05b6850b,0.0,,1
6bba_05b6850b,4.89189779763437,166.19374509959428,1
6bba_05b6850b,0.0,,1
6bba_05b6850b,0.0,,1
6bba_05b6850b,2.4375,90.0,1
6bba_05b6850b,0.40625,126.86989764584402,1
6bba_05b6850b,0.0,,1
6bba_05b6850b,1.6750116604071745,149.0362434679265,1
6bba_05b6850b,1.8168052317185792,153.434948822922,1
6bba_05b6850b,0.0,,1
6bba_05b6850b,1.6750116604071745,29.8050287753362,1
6bba_05b6850b,0.9084026158592896,150.25511870305778,1
6bba_05b6850b,2.7252078475778685,,1
6bba_05b6850b,0.40625,135.0,1
6bba_05b6850b,1.86167137607581,64.12330993917249,1
6bba_05b6850b,0.0,,1
6bba_05b6850b,1.6750116604071745,6.3040377072119735,1
6bba_05b6850b,8.175623542733605,170.28978798534683,1
6bba_05b6850b,1.8168052317185792,115.10409025022139,1
6bba_05b6850b,1.4647552056572457,172.87498365109815,1
6bba_05b6850b,0.9084026158592896,18.434948822922035,1
6bba_05b6850b,3.65625,,1
6bba_05b6850b,0.0,,1
6bba_05b6850b,1.6750116604071745,75.96375653207353,1
6bba_05b6850b,1.7235727791422095,83.94925398408826,1
6bba_05b6850b,0.9084026158592896,,1
6bba_05b6850b,1.1490485194281397,45.0,1
6bba_05b6850b,1.6750116604071745,160.25007720435747,1
6bba_05b6850b,3.447145558284419,143.01237156139783,1
6bba_05b6850b,1.7235727791422095,90.0,1
6bba_05b6850b,0.0,,1
6bba_05b6850b,1.625,62.29038921473756,1
6bba_05b6850b,0.0,,1
6bba_05b6850b,1.625,180.0,1
6bba_05b6850b,1.86167137607581,102.60438264837919,1
6bba_05b6850b,0.40625,77.39561735162081,1
6bba_05b6850b,3.447145558284419,72.65393470733007,1
6bba_05b6850b,0.9084026158592896,,1
6bba_05b6850b,0.0,,1
6bba_05b6850b,0.5745242597140698,180.0,1
6bba_05b6850b,1.86167137607581,60.7940677526006,1
6bba_05b6850b,5.041429918683786,,1
6bba_05b6850b,1.284675299443404,108.43494882292201,1
6bba_05b6850b,1.7235727791422095,166.36697777463363,1
6bba_05b6850b,0.5745242597140698,45.0,1
6bba_05b6850b,3.1729139308370784,13.24051991518721,1
6bba_05b6850b,1.625,,1
6bba_05b6850b,2.2980970388562794,18.434948822922035,1
6bba_05b6850b,1.8168052317185792,102.52880770915151,1
6bba_05b6850b,0.9084026158592896,102.52880770915151,1
6bba_05b6850b,4.375446405796785,,1
6bba_05b6850b,5.008586377412294,,1
6bba_05b6850b,0.5745242597140698,,1
6bba_05b6850b,0.40625,90.0,1
6bba_05b6850b,0.0,,1
6bba_05b6850b,0.5745242597140698,45.0,1
6bba_05b6850b,0.0,,1
6bba_05b6850b,1.86167137607581,,1
6bba_05b6850b,0.9084026158592896,153.434948822922,1
6bba_05b6850b,2.1877232028983924,56.514623377007545,1
6bba_05b6850b,2.6012692214570947,8.876395080973326,1
6bba_05b6850b,1.8168052317185792,161.565051177078,1
6bba_05b6850b,0.40625,90.0,1
6bba_05b6850b,0.0,,1
6bba_05b6850b,2.1877232028983924,54.45667749427009,1
6bba_05b6850b,0.0,,1
6bba_05b6850b,0.9084026158592896,113.57817847820183,1
6bba_05b6850b,0.40625,71.56505117707799,1
6bba_05b6850b,1.8168052317185792,67.15185148380601,1
6bba_05b6850b,0.8125,0.0,1
6bba_05b6850b,1.86167137607581,140.49028771380608,1
6bba_05b6850b,0.0,,1
6bba_05b6850b,0.0,,1
6bba_05b6850b,2.03125,110.96336086917346,1
6bba_05b6850b,2.333728575156074,49.7320965807201,1
6bba_05b6850b,1.7235727791422095,140.49028771380608,1
6bba_05b6850b,1.284675299443404,64.76785955403538,1
6bba_05b6850b,1.4647552056572457,75.6366973259296,1
6bba_05b6850b,0.5745242597140698,135.0,1
6bba_05b6850b,0.0,,1
6bba_05b6850b,0.5745242597140698,0.0,1
6bba_05b6850b,2.03125,,1
6bba_05b6850b,1.86167137607581,24.378297932622903,1
6bba_05b6850b,0.5745242597140698,108.43494882292201,1
6bba_05b6850b,0.5745242597140698,,1
6bba_05b6850b,0.5745242597140698,90.0,1
6bba_05b6850b,0.40625,135.0,1
6bba_05b6850b,1.6750116604071745,80.12503860217872,1
6bba_05b6850b,2.6012692214570947,,1
6bba_05b6850b,0.0,,1
6bba_05b6850b,1.284675299443404,69.81620322790722,1
6bba_05b6850b,1.1490485194281397,153.43494882292202,1
6bba_05b6850b,0.5745242597140698,,1
6bba_05b6850b,0.40625,116.56505117707799,1
6bba_05b6850b,1.6750116604071745,,1
6bba_05b6850b,2.0714766773970688,123.6900675259798,1
6bba_05b6850b,1.6750116604071745,,1
6bba_05b6850b,1.86167137607581,137.81313547305282,1
6bba_05b6850b,0.0,,1
6bba_05b6850b,1.7235727791422095,166.36697777463363,1
6bba_05b6850b,0.9084026158592896,153.434948822922,1
6bba_05b6850b,0.40625,104.03624346792648,1
6bba_05b6850b,2.03125,116.56505117707799,1
6bba_05b6850b,2.368824207280903,57.266740577083034,1
6bba_05b6850b,2.1877232028983924,,1
6bba_05b6850b,1.7235727791422095,,1
6bba_05b6850b,1.7235727791422095,166.36697777463363,1
6bba_05b6850b,0.8125,0.0,1
6bba_05b6850b,0.5745242597140698,63.43494882292201,1
6bba_05b6850b,2.1877232028983924,68.1985905136482,1
6bba_05b6850b,1.6750116604071745,83.77314970286564,1
6bba_05b6850b,0.8125,180.0,1
6bba_05b6850b,0.9084026158592896,119.20593224739943,1
6bba_05b6850b,0.5745242597140698,,1
6bba_05b6850b,1.7235727791422095,161.565051177078,1
6bba_05b6850b,2.03125,109.26775365197587,1
6bba_05b6850b,0.9084026158592896,116.56505117707799,1
6bba_05b6850b,0.9084026158592896,126.86989764584402,1
6bba_05b6850b,0.0,,1
6bba_05b6850b,1.6750116604071745,,1
6bba_05b6850b,0.0,,1
6bba_05b6850b,0.9084026158592896,8.537736462515939e-07,1
6bba_05b6850b,0.0,,1
6bba_05b6850b,0.0,,1
6bba_05b6850b,3.494694639736067,14.971174422891451,1
6bba_05b6850b,2.03125,90.0,1
6bba_05b6850b,0.0,,1
6bba_05b6850b,2.1877232028983924,,1
6bba_05b6850b,2.569350598886808,,1
6bba_05b6850b,0.40625,45.0,1
6bba_05b6850b,0.40625,116.56505117707799,1
6bba_05b6850b,1.7235727791422095,52.20588605098472,1
6bba_05b6850b,2.333728575156074,129.7992119100962,1
6bba_05b6850b,0.9084026158592896,26.565051177077994,1
6bba_05b6850b,0.5745242597140698,90.0,1
6bba_05b6850b,0.40625,180.0,1
6bba_05b6850b,2.6012692214570947,,1
6bba_05b6850b,0.40625,0.0,1
6bba_05b6850b,0.9084026158592896,101.53695903281549,1
6bba_05b6850b,0.9084026158592896,161.56505117707798,1
6bba_05b6850b,0.9084026158592896,71.56505117707799,1
6bba_05b6850b,1.7235727791422095,131.96279079434623,1
6bba_05b6850b,1.6750116604071745,99.87496139782128,1
6bba_05b6850b,0.8125,,1
6bba_05b6850b,1.7235727791422095,41.92073728827869,1
6bba_05b6850b,1.7235727791422095,149.0362434679265,1
6bba_05b6850b,0.40625,116.56505117707799,1
6bba_05b6850b,0.0,,1
6bba_05b6850b,0.9084026158592896,90.0,1
6bba_05b6850b,0.40625,35.537677791974374,1
6bba_05b6850b,3.72334275215162,,1
6bba_05b6850b,4.958913218891817,175.3632604323659,1
6bba_05b6850b,1.625,42.0311137741973,1
6bba_05b6850b,1.7235727791422095,73.39147363484517,1
6bba_05b6850b,0.5745242597140698,45.0,1
6bba_05b6850b,2.0714766773970688,107.8938776880331,1
6bba_05b6850b,3.350023320814349,,1
6bba_05b6850b,2.6012692214570947,,1
6bba_05b6850b,0.0,,1
6bba_05b6850b,0.9084026158592896,102.52880770915151,1
6bba_05b6850b,1.625,160.5287793655093,1
6bba_05b6850b,1.284675299443404,45.00000000000001,1
6bba_05b6850b,0.5745242597140698,71.56505117707799,1
6bba_05b6850b,0.9084026158592896,8.537736462515939e-07,1
6bba_05b6850b,1.6750116604071745,90.0,1
6bba_05b6850b,5.296851954227152,57.52880770915151,1
6bba_05b6850b,0.9084026158592896,143.13010235415598,1
6bba_05b6850b,2.471122277933652,,1
6bba_05b6850b,0.0,,1
6bba_05b6850b,1.1490485194281397,90.0,1
6bba_05b6850b,0.0,,1
6bba_05b6850b,4.89189779763437,173.35848086198848,1
6bba_05b6850b,0.8125,103.63302222536642,1
6bba_05b6850b,0.9084026158592896,71.6962645738912,1
6bba_05b6850b,1.6750116604071745,165.96375653207352,1
6bba_05b6850b,0.9084026158592896,63.43494882292201,1
6bba_05b6850b,0.40625,,1
6bba_05b6850b,1.284675299443404,,1
6bba_05b6850b,0.0,,1
6bba_05b6850b,1.86167137607581,105.18689309991899,1
6bba_05b6850b,0.8125,,1
6bba_05b6850b,0.0,,1
6bba_05b6850b,0.0,,1
6bba_05b6850b,3.350023320814349,43.31385665828304,1
6bba_05b6850b,1.7235727791422095,123.6900675259798,1
6bba_05b6850b,1.7235727791422095,135.0,1
6bba_05b6850b,0.0,,1
6bba_05b6850b,1.284675299443404,55.30484646876604,1
6bba_05b6850b,0.5745242597140698,68.32912088638881,1
6bba_05db0fb1,0.0,,1
6bba_05db0fb1,0.0,,1
6bba_05db0fb1,0.8125,90.0,1
6bba_05db0fb1,1.21875,,1
6bba_05db0fb1,2.03125,59.34270100705946,1
6bba_05db0fb1,0.40625,53.343067045517955,1
6bba_05db0fb1,0.0,,1
6bba_05db0fb1,5.154734625807618,45.160991650497095,1
6bba_05db0fb1,2.7252078475778685,117.1790986441808,1
6bba_05db0fb1,2.6012692214570947,16.25990762723163,1
6bba_05db0fb1,2.4375,149.7962208355613,1
6bba_05db0fb1,4.162823748671087,84.99244176502293,1
6bba_05db0fb1,1.1490485194281397,,1
6bba_05db0fb1,0.40625,33.69006752597979,1
6bba_05db0fb1,3.2752922102462856,,1
6bba_05db0fb1,1.9902104160113323,26.98406046376473,1
6bba_05db0fb1,1.284675299443404,92.68869561258413,1
6bba_05db0fb1,0.0,,1
6bba_05db0fb1,1.6750116604071745,64.25303536821886,1
6bba_05db0fb1,2.0714766773970688,0.0,1
6bba_05db0fb1,1.4647552056572457,,1
6bba_05db0fb1,0.0,,1
6bba_05db0fb1,1.86167137607581,142.11506777460693,1
6bba_05db0fb1,2.1877232028983924,92.12840130956886,1
6bba_05db0fb1,2.333728575156074,50.06137367008034,1
6bba_05db0fb1,0.0,,1
6bba_05db0fb1,9.165417765301264,,1
6bba_05db0fb1,0.0,,1
6bba_05db0fb1,0.40625,64.12330993917249,1
6bba_05db0fb1,0.0,,1
6bba_05db0fb1,0.0,,1
6bba_05db0fb1,1.7235727791422095,64.89590974977862,1
6bba_05db0fb1,0.8125,26.565051177077994,1
6bba_05db0fb1,2.03125,53.13010235415598,1
6bba_05db0fb1,2.333728575156074,114.06642256451705,1
6bba_05db0fb1,1.7235727791422095,120.00000000000001,1
6bba_05db0fb1,1.7235727791422095,160.5287793655093,1
6bba_05db0fb1,1.7235727791422095,18.434948822921996,1
6bba_05db0fb1,2.632800908728193,,1
6bba_05db0fb1,0.9084026158592896,74.43519333861158,1
6bba_05db0fb1,1.7235727791422095,108.43494882292201,1
6bba_05db0fb1,0.0,,1
6bba_05db0fb1,1.6750116604071745,104.03624346792648,1
6bba_05db0fb1,2.0714766773970688,53.960106569696144,1
6bba_05db0fb1,1.86167137607581,77.39561735162081,1
6bba_05db0fb1,0.0,,1
6bba_05db0fb1,5.745242597140699,135.0,2
6bba_05db0fb1,4.021669817998489,24.613597652978562,1
6bba_05db0fb1,1.7235727791422095,26.405562445947222,1
6bba_05db0fb1,0.9084026158592896,102.52880770915151,1
6bba_05db0fb1,0.40625,45.0,1
6bba_05db0fb1,5.090297909995052,138.02778028021075,1
6bba_05db0fb1,1.8168052317185792,29.744881296942236,1
6bba_05db0fb1,4.942244555867304,160.4272379597232,1
6bba_05db0fb1,1.284675299443404,18.434948822921996,1
6bba_05db0fb1,1.7235727791422095,19.471220634490695,1
6bba_05db0fb1,1.7235727791422095,18.434948822921996,1
6bba_05db0fb1,1.6750116604071745,32.39222149557951,1
6bba_05db0fb1,2.9575446425202108,47.1641627162977,1
6bba_05db0fb1,2.632800908728193,16.69621246795299,1
6bba_05db0fb1,0.0,,1
6bba_05db0fb1,1.6750116604071745,83.92378853173183,1
6bba_05db0fb1,0.5745242597140698,82.45490741028135,1
6bba_05db0fb1,1.1490485194281397,90.0,1
6bba_05db0fb1,0.0,,1
6bba_05db0fb1,2.6012692214570947,39.37407613536202,1
6bba_05db0fb1,0.0,,1
6bba_05db0fb1,1.86167137607581,81.12360491902666,1
6bba_05db0fb1,0.0,,1
6bba_05db0fb1,0.5745242597140698,64.80956295820124,1
6bba_05db0fb1,0.5745242597140698,109.47122063449069,1
6bba_05db0fb1,2.0714766773970688,51.67118189854412,1
6bba_05db0fb1,2.368824207280903,133.31385665828304,1
6bba_05db0fb1,1.86167137607581,,1
6bba_05db0fb1,1.7235727791422095,90.0,1
6bba_05db0fb1,0.5745242597140698,72.65393470733007,1
6bba_05db0fb1,2.4375,,1
6bba_05db0fb1,1.4647552056572457,33.69006752597979,1
6bba_05db0fb1,1.86167137607581,24.613597652978562,1
6bba_05db0fb1,3.65625,,1
6bba_05db0fb1,6.512682938889317,172.03193808815337,1
6bba_05db0fb1,0.0,,1
6bba_05db0fb1,0.40625,0.0,1
6bba_05db0fb1,1.21875,53.960106569696144,1
6bba_05db0fb1,2.9295104113144914,,1
6bba_05db0fb1,1.7235727791422095,70.52877936550931,1
6bba_05db0fb1,2.9575446425202108,35.290744693983655,1
6bba_05db0fb1,0.0,,1
6bba_05db0fb1,2.4375,0.0,1
6bba_05db0fb1,1.6750116604071745,160.63102549738426,1
6bba_05db0fb1,1.7235727791422095,27.2660444507328,1
6bba_05db0fb1,2.1877232028983924,48.366460663429805,1
6bba_05db0fb1,0.0,,1
6bba_05db0fb1,0.0,,1
6bba_05db0fb1,1.4647552056572457,93.74821518784054,1
6bba_05db0fb1,1.8168052317185792,167.90524292298792,1
6bba_05db0fb1,1.8168052317185792,12.604382648379175,1
6bba_05db0fb1,0.40625,63.43494882292201,1
6bba_05db0fb1,0.40625,90.0,1
6bba_05db0fb1,1.7235727791422095,,1
6bba_05db0fb1,0.0,,1
6bba_05db0fb1,1.6750116604071745,22.83365417791755,1
6bba_05db0fb1,0.9084026158592896,90.0,1
6bba_05db0fb1,0.9084026158592896,45.00000000000001,1
6bba_05db0fb1,5.28125,152.6748986247999,1
6bba_05db0fb1,6.563169608695177,82.10602884533654,1
6bba_05db0fb1,1.284675299443404,72.75960822423416,1
6bba_05db0fb1,1.6750116604071745,80.12503860217872,1
6bba_05db0fb1,0.0,,1
6bba_05db0fb1,1.625,165.96375653207352,1
6bba_05db0fb1,1.8168052317185792,18.434948822922035,1
6bba_05db0fb1,1.625,18.434948822921996,1
6bba_05db0fb1,1.6750116604071745,31.16096771907761,1
6bba_05db0fb1,1.6750116604071745,36.176027263335435,1
6bba_05db0fb1,1.9902104160113323,,1
6bba_05db0fb1,1.8168052317185792,150.19497122466382,1
6bba_05db0fb1,2.0714766773970688,,1
6bba_05db0fb1,1.6750116604071745,133.8762651909286,1
6bba_05db0fb1,2.0714766773970688,62.7673739332827,1
6bba_05db0fb1,1.6750116604071745,83.77314970286564,1
6bba_05db0fb1,0.40625,90.0,1
6bba_05db0fb1,0.40625,90.0,1
6bba_05db0fb1,0.40625,45.0,1
6bba_05db0fb1,1.21875,63.43494882292201,1
6bba_05db0fb1,1.4647552056572457,,1
6bba_05db0fb1,2.333728575156074,8.091855781727197,1
6bba_05db0fb1,0.40625,0.0,1
6bba_05db0fb1,0.8125,70.00843927285855,1
6bba_05db0fb1,0.8125,76.3669777746336,1
6bba_05db0fb1,1.6750116604071745,75.96375653207353,1
6bba_05db0fb1,2.632800908728193,39.31791362002883,1
6bba_05db0fb1,0.0,,1
6bba_05db0fb1,3.300390601883359,,1
6bba_05db0fb1,4.0827619710803615,38.126832390549076,1
6bba_05db0fb1,2.1877232028983924,23.198590513648202,1
6bba_05db0fb1,2.9575446425202108,2.4895529219992745,1
6bba_05db0fb1,1.86167137607581,67.02309667979011,1
6bba_05db0fb1,2.03125,21.831265315089524,1
6bba_05db0fb1,0.8125,63.43494882292201,1
6bba_05db0fb1,0.0,,1
6bba_05db0fb1,1.8168052317185792,153.434948822922,1
6bba_05db0fb1,1.21875,78.69006752597979,1
6bba_05db0fb1,1.8168052317185792,152.56328574802018,1
6bba_05db0fb1,0.0,,1
6bba_05db0fb1,1.284675299443404,108.43494882292201,1
6bba_05db0fb1,2.8145825622994254,35.264389682754654,1
6bba_05db0fb1,0.40625,26.565051177077994,1
6bba_05db0fb1,0.5745242597140698,45.0,1
6bba_05db0fb1,1.625,32.005383208083494,1
6bba_05db0fb1,1.86167137607581,4.962977588426511,1
6bba_05db0fb1,3.093907824257213,,1
6bba_05db0fb1,0.9084026158592896,53.13010235415599,1
6bba_05db0fb1,2.03125,74.43519333861158,1
6bba_05db0fb1,0.0,,1
6bba_05db0fb1,2.03125,35.537677791974374,1
6bba_05db0fb1,0.0,,1
6bba_05db0fb1,1.625,53.960106569696144,1
6bba_05db0fb1,0.9084026158592896,53.13010235415599,1
6bba_05db0fb1,1.8168052317185792,83.94925398408826,1
6bba_05db0fb1,1.284675299443404,93.95692908114749,1
6bba_05db0fb1,1.86167137607581,150.7940677526006,1
6bba_05db0fb1,0.0,,1
6bba_05db0fb1,1.86167137607581,62.60436363126526,1
6bba_05db0fb1,1.8168052317185792,116.56505117707799,1
6bba_05db0fb1,4.0827619710803615,,1
6bba_05db0fb1,1.6750116604071745,43.31385665828304,1
6bba_05db0fb1,2.0714766773970688,37.87498365109821,1
6bba_05db0fb1,2.03125,144.0002877966839,1
6bba_05db0fb1,0.40625,77.39561735162081,1
6bba_05db0fb1,0.40625,0.0,1
6bba_05db0fb1,6.942003043070494,29.615668948481865,1
6bba_05db0fb1,2.0714766773970688,61.13126766402749,1
6bba_05db0fb1,1.86167137607581,38.14448580447198,1
6bba_05db0fb1,0.5745242597140698,168.6900675259798,1
6bba_05db0fb1,3.040096626753827,40.893394649130904,1
6bba_05db0fb1,0.9084026158592896,8.130102354156005,1
6bba_05db0fb1,0.8125,104.03624346792648,1
6bba_05db0fb1,1.1490485194281397,45.0,1
6bba_05db0fb1,1.86167137607581,25.208765296758347,1
6bba_05db0fb1,1.7235727791422095,39.66403535711893,1
6bba_05db0fb1,0.40625,,1
6bba_05db0fb1,2.0714766773970688,11.309932474020195,1
6bba_05db0fb1,0.5745242597140698,45.0,1
6bba_05db0fb1,1.7235727791422095,109.07831432618656,1
6bba_05db0fb1,2.03125,,1
6bba_05db0fb1,3.0671202393287422,44.14764869887604,1
6bba_05db0fb1,2.6012692214570947,45.698798314122755,1
6bba_05db0fb1,1.86167137607581,117.57504771047678,1
6bba_05db0fb1,0.8125,135.0,1
6bba_05db0fb1,0.0,,1
6bba_05db0fb1,1.7235727791422095,71.56505117707799,1
6bba_05db0fb1,0.0,,1
6bba_05db0fb1,0.0,,1
6bba_05db0fb1,1.4647552056572457,33.69006752597979,1
6bba_05db0fb1,1.9902104160113323,65.90515744788931,1
6bba_05db0fb1,2.4375,,1
6bba_05db0fb1,0.0,,1
6bba_05db0fb1,0.9084026158592896,12.528807709151522,1
6bba_05db0fb1,1.6750116604071745,166.36697777463363,1
6bba_05db0fb1,0.40625,45.86825078796896,1
6bba_05db0fb1,1.8168052317185792,66.42182152179818,1
6bba_05db0fb1,0.8125,,1
6bba_05db0fb1,0.0,,1
6bba_05db0fb1,2.333728575156074,52.014832700644405,1
6bba_05db0fb1,1.6750116604071745,,1
6bba_05db0fb1,0.5745242597140698,135.0,1
6bba_05db0fb1,2.0714766773970688,56.309932474020215,1
6bba_05db0fb1,0.5745242597140698,56.309932474020215,1
6bba_05db0fb1,1.86167137607581,,1
6bba_05db0fb1,0.0,,1
6bba_05db0fb1,2.6012692214570947,40.750962466816695,1
6bba_05db0fb1,0.5745242597140698,70.52877936550931,1
6bba_05db0fb1,0.5745242597140698,90.0,1
6bba_05db0fb1,0.8125,,1
6bba_05db0fb1,1.86167137607581,67.76924166597867,1
6bba_05db0fb1,0.40625,126.86989764584402,1
6bba_05db0fb1,1.21875,11.309932474020195,1
6bba_05db0fb1,2.0714766773970688,25.5599651718238,1
6bba_05db0fb1,0.40625,161.565051177078,1
6bba_05db0fb1,0.0,,1
6bba_05db0fb1,1.1490485194281397,,1
6bba_05db0fb1,1.1490485194281397,,1
6bba_05db0fb1,1.86167137607581,91.05299880179196,1
6bba_05db0fb1,1.625,90.0,1
6bba_05db0fb1,1.284675299443404,86.04307091885252,1
6bba_05db0fb1,0.5745242597140698,52.014832700644405,1
6bba_05db0fb1,2.0714766773970688,,1
6bba_05db0fb1,0.40625,75.96375653207353,1
6bba_05db0fb1,1.1490485194281397,0.0,1
6bba_05db0fb1,2.0714766773970688,53.960106569696144,1
6bba_05db0fb1,0.40625,90.0,1
6bba_05db0fb1,0.5745242597140698,18.434948822922035,1
6bba_05db0fb1,2.03125,33.980485331194714,1
6bba_05db0fb1,0.40625,90.0,1
6bba_05db0fb1,0.0,,1
6bba_05db0fb1,0.40625,180.0,1
6bba_05db0fb1,1.6750116604071745,90.0,1
6bba_05db0fb1,1.6750116604071745,,1
6bba_05db0fb1,0.9084026158592896,,1
6bba_05db0fb1,0.5745242597140698,99.87496139782128,1
6bba_05db0fb1,3.040096626753827,13.612751358542495,1
6bba_05db0fb1,2.1877232028983924,56.145485187379485,1
6bba_05db0fb1,0.40625,41.810314895778596,1
6bba_05db0fb1,0.40625,97.89514210504579,1
6bba_05db0fb1,0.0,,1
6bba_05db0fb1,1.8168052317185792,63.989936222426,1
6bba_05db0fb1,1.4647552056572457,15.255118703057791,1
6bba_05db0fb1,0.0,,1
6bba_05db0fb1,1.1490485194281397,26.56505117707798,1
6bba_05db0fb1,5.343384490423649,67.6574617521702,1
6bba_05db0fb1,2.1877232028983924,134.42127443439222,1
6bba_05db0fb1,0.40625,18.434948822921996,1
6bba_05db0fb1,1.284675299443404,68.43187056435212,1
6bba_05db0fb1,1.625,45.0,1
6bba_05db0fb1,1.21875,64.12330993917249,1
6bba_05db0fb1,1.8168052317185792,8.13010235415605,1
6bba_05db0fb1,3.5648292823780494,24.260799584868042,1
6bba_05db0fb1,1.21875,45.0,1
6bba_05db0fb1,0.0,,1
6bba_05db0fb1,2.6012692214570947,54.98302914855367,1
6bba_05db0fb1,0.0,,1
6bba_05db0fb1,0.0,,1
6bba_05db0fb1,0.0,,1
6bba_05db0fb1,2.8726212985703494,25.104090250221393,1
6bba_05db0fb1,0.8125,63.43494882292201,1
6bba_05db0fb1,3.72334275215162,83.92378853173183,1
6bba_05db0fb1,1.625,45.0,1
6bba_05db0fb1,2.03125,153.59443755405277,1
6bba_05db0fb1,1.6750116604071745,,1
6bba_05db0fb1,1.4647552056572457,123.69006752597979,1
6bba_05db0fb1,1.86167137607581,18.962318288675394,1
6bba_05db0fb1,1.6750116604071745,99.87496139782128,1
6bba_05db0fb1,1.6750116604071745,137.81313547305282,1
6bba_05db0fb1,0.9084026158592896,74.43519333861158,1
6bba_05db0fb1,2.03125,114.09484255211069,1
6bba_05db0fb1,0.0,,1
6bba_05db0fb1,0.8125,76.3669777746336,1
6bba_05db0fb1,1.6750116604071745,77.47119229084849,1
6bba_05db0fb1,2.0714766773970688,,1
6bba_05db0fb1,0.8125,0.0,1
6bba_05db0fb1,3.832554834897995,,1
6bba_05db0fb1,0.0,,1
6bba_05db0fb1,0.5745242597140698,,1
6bba_05db0fb1,4.394265616971737,38.76994508195377,1
6bba_05db0fb1,1.86167137607581,13.58980284237488,1
6bba_05db0fb1,1.625,0.0,1
6bba_05db0fb1,2.9575446425202108,52.4429227536574,1
6bba_05db0fb1,2.4375,70.52877936550931,1
6bba_05db0fb1,1.7235727791422095,22.139309635406352,1
6bba_05db0fb1,0.0,,1
6bba_05db0fb1,0.0,,1
6bba_05db0fb1,1.86167137607581,156.96475659266596,1
6bba_05db0fb1,1.1490485194281397,,1
6bba_05db0fb1,1.8168052317185792,63.43494882292201,1
6bba_05db0fb1,0.40625,116.56505117707799,1
6bba_05db0fb1,1.6750116604071745,,1
6bba_05db0fb1,0.0,,1
6bba_05db0fb1,1.8168052317185792,29.8050287753362,1
6bba_05db0fb1,0.9084026158592896,45.00000000000001,1
6bba_05db0fb1,0.9084026158592896,77.47119229084849,1
6bba_05db0fb1,2.333728575156074,101.18353543922501,1
6bba_05db0fb1,3.374565944310468,120.50609457803229,1
6bba_05db0fb1,0.0,,1
6bba_05db0fb1,1.7235727791422095,76.3669777746336,1
6bba_05db0fb1,2.7252078475778685,122.23095263550213,1
6bba_05db0fb1,1.8168052317185792,63.989936222426,1
6bba_05db0fb1,2.1877232028983924,10.491477012331599,1
6bba_05db0fb1,0.5745242597140698,135.0,1
6bba_05db0fb1,0.8125,21.801409486351833,1
6bba_05db0fb1,1.7235727791422095,90.0,1
6bba_05db0fb1,0.5745242597140698,,1
6bba_05db0fb1,2.368824207280903,96.96527728117883,1
6bba_05db0fb1,1.21875,90.0,1
6bba_05db0fb1,0.0,,1
6bba_05db0fb1,1.6750116604071745,,1
6bba_05db0fb1,0.0,,1
6bba_05db0fb1,0.0,,1
6bba_05db0fb1,0.40625,,1
6bba_05db0fb1,1.86167137607581,,1
6bba_05db0fb1,3.9804208320226646,,1
6bba_05db0fb1,5.265601817456386,55.85003520770717,1
6bba_05db0fb1,3.300390601883359,30.498726986664625,1
6bba_05db0fb1,3.447145558284419,73.39147363484517,1
6bba_05db0fb1,0.40625,76.3669777746336,1
6bba_05db0fb1,1.7235727791422095,62.42495228952325,1
6bba_05db0fb1,0.0,,1
6bba_05db0fb1,0.0,,1
6bba_05db0fb1,2.9295104113144914,68.15455236035753,1
6bba_05db0fb1,0.9084026158592896,63.43494882292201,1
6bba_05db0fb1,3.350023320814349,136.68614334171696,1
6bba_05db0fb1,0.0,,1
6bba_05db0fb1,3.374565944310468,151.98054524797695,1
6bba_05db0fb1,1.625,90.0,1
6bba_05db0fb1,0.9084026158592896,123.21091076089908,1
6bba_05db0fb1,0.9084026158592896,63.989936222426,1
6bba_05db0fb1,1.21875,180.0,1
6bba_05db0fb1,2.6012692214570947,77.47396531211257,1
6bba_05db0fb1,0.0,,1
6bba_05db0fb1,6.5253412267099105,164.14248269786103,1
6bba_05db0fb1,0.0,,1
6bba_05db0fb1,2.03125,61.31459798588108,1
6bba_05db0fb1,3.2752922102462856,95.03163722172496,1
6bba_05db0fb1,2.1877232028983924,111.80140948635182,1
6bba_05db0fb1,0.0,,1
6bba_05db0fb1,2.03125,55.30484646876604,1
6bba_05db0fb1,0.0,,1
6bba_05db0fb1,0.0,,1
6bba_05db0fb1,2.4375,21.039469781317234,1
6bba_05db0fb1,1.6750116604071745,,1
6bba_05db0fb1,1.6750116604071745,129.0938588862295,1
6bba_05db0fb1,1.21875,14.036243467926457,1
6bba_05db0fb1,1.7235727791422095,113.84263602379237,1
6bba_05db0fb1,3.7454399357752353,60.850624438094826,1
6bba_05db0fb1,1.86167137607581,81.12360491902666,1
6bba_05db0fb1,1.7235727791422095,103.63302222536642,1
6bba_05db0fb1,0.9084026158592896,153.434948822922,1
6bba_05db0fb1,2.4375,,1
6bba_05db0fb1,0.5745242597140698,109.47122063449069,1
6bba_05db0fb1,1.625,90.0,1
6bba_05db0fb1,2.1877232028983924,56.145485187379485,1
6bba_05db0fb1,0.9084026158592896,134.47910057477236,1
6bba_05db0fb1,0.0,,1
6bba_05db0fb1,0.8125,77.39561735162081,1
6bba_05db0fb1,0.5745242597140698,95.03163722172496,1
6bba_05db0fb1,3.2752922102462856,121.11465502242525,1
6bba_05db0fb1,0.40625,115.87669006082751,1
6bba_05db0fb1,1.86167137607581,20.674462612821756,1
6bba_05db0fb1,1.6750116604071745,154.84128299357414,1
6bba_05db0fb1,1.7235727791422095,103.63302222536642,1
6bba_05db0fb1,1.7235727791422095,106.10211375198602,1
6bba_05db0fb1,2.03125,36.86989764584401,1
6bba_05db0fb1,3.374565944310468,74.7648753914477,1
6bba_05db0fb1,1.9902104160113323,8.537736462515939e-07,1
6bba_05db0fb1,2.6012692214570947,,1
6bba_05db0fb1,0.9084026158592896,29.744881296942236,1
6bba_05db0fb1,4.772356925566235,105.49249943278532,1
6bba_05db0fb1,1.6750116604071745,165.96375653207352,1
6bba_05db0fb1,0.8125,,1
6bba_05db0fb1,2.0714766773970688,51.827477899561856,1
6bba_05db0fb1,0.40625,,1
6bba_05db0fb1,2.9295104113144914,,1
6bba_05db0fb1,0.5745242597140698,168.6900675259798,1
6bba_05db0fb1,0.40625,53.960106569696144,1
6bba_05db0fb1,1.284675299443404,72.65393470733007,1
6bba_05db0fb1,0.0,,1
6bba_05db0fb1,8.983546157420243,7.576069385797433,1
6bba_05db0fb1,2.03125,,1
6bba_05db0fb1,0.8125,180.0,1
6bba_05db0fb1,0.0,,1
6bba_05db0fb1,2.368824207280903,19.653824058053292,1
6bba_05db0fb1,1.6750116604071745,75.96375653207353,1
6bba_05db0fb1,2.9295104113144914,112.05195211490907,1
6bba_05db0fb1,1.86167137607581,121.5881355052012,1
6bba_05db0fb1,1.6750116604071745,149.03624346792648,1
6bba_05db0fb1,0.40625,33.69006752597979,1
6bba_05db0fb1,1.9902104160113323,116.45119909934063,1
6bba_05db0fb1,1.6750116604071745,,1
6bba_05db0fb1,2.9575446425202108,77.66173318883035,1
6bba_05db0fb1,2.1877232028983924,31.16096771907761,1
6bba_05db0fb1,0.9084026158592896,179.99999914622634,1
6bba_05db0fb1,3.350023320814349,14.67407179943614,1
6bba_05db0fb1,0.0,,1
6bba_05db0fb1,4.241374519244911,106.69924423399362,1
6bba_05db0fb1,0.0,,1
6bba_05db0fb1,3.2752922102462856,15.25511870305774,1
6bba_05db0fb1,0.40625,104.03624346792648,1
6bba_05db0fb1,2.1877232028983924,136.39718102729637,1
6bba_05db0fb1,0.9084026158592896,63.43494882292201,1
6bba_05db0fb1,2.6012692214570947,,1
6bba_05db0fb1,2.0714766773970688,,1
6bba_05db0fb1,3.374565944310468,,1
6bba_05db0fb1,3.350023320814349,59.03624346792647,1
6bba_05db0fb1,3.0671202393287422,,1
6bba_05db0fb1,0.40625,153.434948822922,1
6bba_05db0fb1,2.0714766773970688,69.50032317489767,1
6bba_05db0fb1,3.65625,71.13249290592856,1
6bba_05db0fb1,0.0,,1
6bba_05db0fb1,3.832554834897995,,1
6bba_05db0fb1,0.0,,1
6bba_05db0fb1,0.0,,1
6bba_05db0fb1,1.86167137607581,150.7940677526006,1
6bba_05db0fb1,2.6012692214570947,43.972236873510454,2
6bba_05db0fb1,1.8168052317185792,,1
6bba_05db0fb1,0.40625,90.0,1
6bba_05db0fb1,0.5745242597140698,56.309932474020215,1
6bba_05db0fb1,0.0,,1
6bba_05db0fb1,1.6750116604071745,44.481457843773995,1
6bba_05db0fb1,2.03125,126.86989764584402,1
6bba_05db0fb1,0.40625,90.0,1
6bba_05db0fb1,2.0714766773970688,14.450394283502234,1
6bba_05db0fb1,0.0,,1
6bba_05db0fb1,0.40625,,1
6bba_05db0fb1,2.03125,116.56505117707799,1
6bba_05db0fb1,0.8125,90.0,1
6bba_05db0fb1,3.5648292823780494,67.71067802000366,1
6bba_05db0fb1,0.40625,33.69006752597979,1
6bba_05db0fb1,1.284675299443404,,1
6bba_05db0fb1,0.0,,1
6bba_05db0fb1,0.40625,63.43494882292201,1
6bba_05db0fb1,0.0,,1
6bba_05db0fb1,6.550584420492571,164.29136217098429,1
6bba_05db0fb1,0.40625,90.0,1
6bba_05db0fb1,1.284675299443404,0.0,1
6bba_05db0fb1,0.9084026158592896,,1
6bba_05db0fb1,1.625,90.0,1
6bba_05db0fb1,0.5745242597140698,100.02498786207575,1
6bba_05db0fb1,0.0,,1
6bba_05db0fb1,1.1490485194281397,99.87496139782128,1
6bba_05db0fb1,2.8726212985703494,70.54265826396478,1
6bba_05db0fb1,0.0,,1
6bba_05db0fb1,0.9084026158592896,,1
6bba_05db0fb1,0.5745242597140698,66.80140948635182,1
6bba_05db0fb1,1.8168052317185792,167.47119229084848,1
6bba_05db0fb1,0.5745242597140698,90.0,1
6bba_05db0fb1,2.0714766773970688,67.61986494804043,1
6bba_05db0fb1,1.9902104160113323,58.90906964232697,1
6bba_05db0fb1,0.9084026158592896,96.05074601591174,1
6bba_05db0fb1,1.7235727791422095,,1
6bba_05db0fb1,0.0,,1
6bba_05db0fb1,0.40625,0.0,1
6bba_05db0fb1,5.58501412822743,10.163203369476319,1
6bba_05db0fb1,5.296851954227152,53.256571934720455,1
6bba_05db0fb1,1.6750116604071745,81.63252797964657,1
6bba_05db0fb1,0.0,,1
6bba_05db0fb1,1.4647552056572457,93.94518622903756,1
6bba_05db0fb1,2.8726212985703494,144.33146244247123,1
6bba_05db0fb1,0.40625,90.0,1
6bba_05db0fb1,0.9084026158592896,34.69515353123396,1
6bba_05db0fb1,0.9084026158592896,63.43494882292201,1
6bba_05db0fb1,2.333728575156074,19.927139727099316,1
6bba_05db0fb1,1.8168052317185792,,1
6bba_05db0fb1,1.8168052317185792,142.1250163489018,1
6bba_05db0fb1,0.0,,1
6bba_05db0fb1,2.1877232028983924,77.12443396147862,1
6bba_05db0fb1,1.7235727791422095,125.26438968275465,1
6bba_05db0fb1,1.86167137607581,102.60438264837919,1
6bba_05db0fb1,2.03125,172.87498365109823,1
6bba_05db0fb1,1.6750116604071745,,1
6bba_05db0fb1,0.9084026158592896,63.43494882292201,1
6bba_05db0fb1,0.9084026158592896,26.565051177077994,1
6bba_05db0fb1,4.0827619710803615,,1
6bba_05db0fb1,2.0714766773970688,53.960106569696144,1
6bba_05db0fb1,2.03125,39.0938588862295,1
6bba_05db0fb1,1.8168052317185792,12.604382648379175,1
6bba_05db0fb1,2.4375,48.18968510422141,1
6bba_05db0fb1,1.7235727791422095,,1
6bba_05db0fb1,1.4647552056572457,68.29670863577394,1
6bba_05db0fb1,0.5745242597140698,76.3669777746336,1
6bba_05db0fb1,0.0,,1
6bba_05db0fb1,1.21875,135.0,1
6bba_05db0fb1,0.5745242597140698,75.62414074895936,1
6bba_05db0fb1,0.0,,1
6bba_05db0fb1,2.0714766773970688,51.67118189854412,1
6bba_05db0fb1,0.8125,180.0,1
6bba_05db0fb1,0.8125,104.03624346792648,1
6bba_05db0fb1,1.625,137.96888622580272,1
6bba_05db0fb1,0.0,,1
6bba_05db0fb1,2.7252078475778685,,1
6bba_05db0fb1,3.447145558284419,41.99865476716619,1
6bba_05db0fb1,5.202538442914189,152.7924348999764,1
6bba_05db0fb1,1.86167137607581,115.87669006082751,1
6bba_05db0fb1,3.8540258983302125,130.23883156164783,1
6bba_05db0fb1,6.989389279472134,36.07988173464527,1
6bba_05db0fb1,0.5745242597140698,,1
6bba_05db0fb1,3.350023320814349,82.26829345099613,1
6bba_05db0fb1,4.394265616971737,48.60605562694002,1
6bba_05db0fb1,1.625,165.96375653207352,1
6bba_05db0fb1,0.40625,104.03624346792648,1
6bba_05db0fb1,2.0714766773970688,107.92021313939229,1
6bba_05db0fb1,1.86167137607581,62.42495228952325,1
6bba_05db0fb1,2.03125,20.92450174492119,1
6bba_05db0fb1,2.0714766773970688,52.74197195324803,1
6bba_05db0fb1,1.6750116604071745,37.30584296243969,1
6bba_05db0fb1,1.625,35.26438968275466,1
6bba_05db0fb1,0.40625,90.0,1
6bba_05db0fb1,1.6750116604071745,,1
6bba_05db0fb1,1.1490485194281397,,1
6bba_05db0fb1,0.5745242597140698,82.45490741028135,1
6bba_05db0fb1,0.9084026158592896,90.0,1
6bba_05db0fb1,2.03125,124.2098490129653,1
6bba_05db0fb1,3.040096626753827,28.976584456694443,1
6bba_05db0fb1,0.9084026158592896,90.0,1
6bba_05db0fb1,1.6750116604071745,75.96375653207353,1
6bba_05db0fb1,0.0,,1
6bba_05db0fb1,0.9084026158592896,8.537736462515939e-07,1
6bba_05db0fb1,2.9575446425202108,72.52259781963433,1
6bba_05db0fb1,1.9902104160113323,54.735610317245346,1
6bba_05db0fb1,1.284675299443404,137.7993689081143,1
6bba_05db0fb1,2.0714766773970688,57.87321514774565,1
6bba_05db0fb1,2.9575446425202108,33.37402780430883,1
6bba_05db0fb1,1.284675299443404,,1
6bba_05db0fb1,1.8168052317185792,36.86989764584403,1
6bba_05db0fb1,0.9084026158592896,90.0,1
6bba_05db0fb1,0.0,,1
6bba_05db0fb1,0.5745242597140698,56.309932474020215,1
6bba_05db0fb1,0.8125,101.30993247402021,1
6bba_05db0fb1,3.350023320814349,85.60129464500447,1
6bba_05db0fb1,0.5745242597140698,80.12503860217872,1
6bba_05db0fb1,0.40625,90.0,1
6bba_05db0fb1,1.86167137607581,112.01683431979292,1
6bba_05db0fb1,0.0,,1
6bba_05db0fb1,3.494694639736067,141.59387566249777,1
6bba_05db0fb1,0.0,,1
6bba_05db0fb1,0.0,,1
6bba_05db0fb1,1.86167137607581,150.97235066387842,1
6bba_05db0fb1,2.0714766773970688,52.020127555148,1
6bba_05db0fb1,1.284675299443404,,1
6bba_05db0fb1,3.832554834897995,108.54197796399724,1
6bba_05db0fb1,0.5745242597140698,90.0,1
6bba_05db0fb1,0.40625,180.0,1
6bba_05db0fb1,0.40625,0.0,1
6bba_05db0fb1,2.2980970388562794,47.86958523863339,1
6bba_05db0fb1,0.0,,1
6bba_05db0fb1,1.21875,8.130102354156005,1
6bba_05db0fb1,2.6012692214570947,49.9697407281103,1
6bba_05db0fb1,0.40625,102.60438264837919,1
6bba_05db0fb1,0.40625,78.69006752597979,1
6bba_05db0fb1,0.0,,1
6bba_05db0fb1,0.8125,0.0,1
6bba_05db0fb1,2.333728575156074,38.7779142990414,1
6bba_05db0fb1,0.5745242597140698,135.0,1
6bba_05db0fb1,1.86167137607581,36.69922520048988,1
6bba_05db0fb1,2.0714766773970688,67.61986494804043,1
6bba_05db0fb1,1.6750116604071745,14.036243467926484,1
6bba_05db0fb1,4.487177913232324,20.68508042612072,1
6bba_05db0fb1,1.6750116604071745,,1
6bba_05db0fb1,0.9084026158592896,108.43494882292201,1
6bba_05db0fb1,2.0714766773970688,19.359648661120243,1
6bba_05db0fb1,0.5745242597140698,94.62203692583714,1
6bba_05db0fb1,0.5745242597140698,108.43494882292201,1
6bba_05db0fb1,1.6750116604071745,151.92751306414706,1
6bba_05db0fb1,2.9295104113144914,33.69006752597979,1
6bba_05db0fb1,1.9902104160113323,26.084541552047053,1
6bba_05db0fb1,1.86167137607581,60.7940677526006,1
6bba_05db0fb1,1.7235727791422095,68.32912088638881,1
6bba_05db0fb1,1.86167137607581,25.87669006082751,1
6bba_05db0fb1,3.65625,13.651839866251958,1
6bba_05db0fb1,1.86167137607581,140.49028771380608,1
6bba_05db0fb1,0.5745242597140698,45.0,1
6bba_05db0fb1,0.8125,45.86825078796896,1
6bba_05db0fb1,0.0,,1
6bba_05db0fb1,0.0,,1
6bba_05db0fb1,1.625,53.960106569696144,1
6bba_05db0fb1,0.0,,1
6bba_05db0fb1,2.6012692214570947,,1
6bba_05db0fb1,3.5648292823780494,108.92544165288201,1
6bba_05db0fb1,0.8125,45.0,1
6bba_05db0fb1,0.0,,1
6bba_05db0fb1,3.25,90.0,1
6bba_05db0fb1,1.7235727791422095,22.406871204937445,1
6bba_05db0fb1,1.4647552056572457,123.69006752597979,1
6bba_05db0fb1,1.284675299443404,42.200631091885704,1
6bba_05db0fb1,3.2752922102462856,72.6814864583226,1
6bba_05db0fb1,0.0,,1
6bba_05db0fb1,2.03125,53.13010235415598,1
6bba_05db0fb1,1.625,51.34019174590991,1
6bba_05db0fb1,2.0714766773970688,131.1214754971523,1
6bba_05db0fb1,2.0714766773970688,37.87498365109821,1
6bba_05db0fb1,1.284675299443404,18.434948822921996,1
6bba_05db0fb1,1.6750116604071745,42.1868645269472,1
6bba_05db0fb1,3.2752922102462856,51.69327967371404,1
6bba_05db0fb1,0.9084026158592896,18.434948822921996,1
6bba_05db0fb1,0.0,,1
6bba_05db0fb1,0.40625,,1
6bba_05db0fb1,0.0,,1
6bba_05db0fb1,0.40625,90.0,1
6bba_05db0fb1,0.0,,1
6bba_05db0fb1,1.21875,0.0,1
6bba_05db0fb1,3.5648292823780494,38.92592936617624,1
6bba_05db0fb1,0.8125,63.43494882292201,1
6bba_05db0fb1,2.1877232028983924,56.145485187379485,1
6bba_05db0fb1,1.6750116604071745,99.87496139782128,1
6bba_05db0fb1,1.7235727791422095,76.3669777746336,1
6bba_05db0fb1,0.0,,1
6bba_05db0fb1,2.1877232028983924,123.85451481262052,1
6bba_05db0fb1,0.0,,1
6bba_05db0fb1,0.9084026158592896,71.56505117707799,1
6bba_05db0fb1,1.6750116604071745,,1
6bba_05db0fb1,0.40625,116.56505117707799,1
6bba_05db0fb1,0.40625,63.43494882292201,1
6bba_05db0fb1,1.8168052317185792,90.0,1
6bba_05db0fb1,2.0714766773970688,,1
6bba_05db0fb1,0.40625,90.0,1
6bba_05db0fb1,0.8125,71.56505117707799,1
6bba_05db0fb1,0.0,,1
6bba_05db0fb1,1.8168052317185792,63.43494882292201,1
6bba_05db0fb1,2.4375,,1
6bba_05db0fb1,1.6750116604071745,82.26829345099613,1
6bba_05db0fb1,0.9084026158592896,8.537736462515939e-07,1
6bba_05db0fb1,0.9084026158592896,83.94925398408826,1
6bba_05db0fb1,0.0,,1
6bba_05db0fb1,6.512682938889317,166.96134341697703,1
6bba_05db0fb1,2.1877232028983924,137.96888622580272,1
6bba_05db0fb1,0.9084026158592896,63.43494882292201,1
6bba_05db0fb1,1.625,26.565051177077994,1
6bba_05db0fb1,0.0,,1
6bba_05db0fb1,0.8125,,1
6bba_05db0fb1,0.0,,1
6bba_05db0fb1,0.8125,0.0,1
6bba_05db0fb1,0.0,,1
6bba_05db0fb1,0.40625,0.0,1
6bba_05db0fb1,2.1877232028983924,118.78059908926116,1
6bba_05db0fb1,2.0714766773970688,,1
6bba_05db0fb1,4.33756303988772,58.00718299981828,1
6bba_05db0fb1,2.6012692214570947,33.8713622547449,1
6bba_05db0fb1,1.8168052317185792,12.528807709151522,1
6bba_05db0fb1,0.9084026158592896,57.54369153814105,1
6bba_05db0fb1,1.284675299443404,87.75209799586001,1
6bba_05db0fb1,0.0,,1
6bba_05db0fb1,3.374565944310468,,1
6bba_05db0fb1,2.0714766773970688,129.93668819704354,1
6bba_05db0fb1,0.5745242597140698,135.0,1
6bba_05db0fb1,6.09375,,1
6bba_05db0fb1,0.9084026158592896,71.56505117707799,1
6bba_05db0fb1,2.03125,55.42813390970865,1
6bba_05db0fb1,1.86167137607581,62.42495228952325,1
6bba_05db0fb1,1.7235727791422095,117.9235423005309,1
6bba_05db0fb1,0.8125,64.12330993917249,1
6bba_05db0fb1,1.4647552056572457,33.69006752597979,1
6bba_05db0fb1,4.942244555867304,37.88493222539309,1
6bba_05db0fb1,2.4375,21.039469781317234,1
6bba_05db0fb1,1.625,100.02498786207575,1
6bba_05db0fb1,2.1877232028983924,49.76364169072618,1
6bba_05db0fb1,1.6750116604071745,,1
6bba_05db0fb1,1.7235727791422095,117.57504771047675,1
6bba_05db0fb1,1.7235727791422095,157.59312879506257,1
6bba_05db0fb1,0.9084026158592896,26.565051177077994,1
6bba_05db0fb1,0.9084026158592896,74.43519333861158,1
6bba_05db0fb1,2.0714766773970688,,1
6bba_05db0fb1,0.40625,45.0,1
6bba_05db0fb1,4.89189779763437,146.16191240851967,1
6bba_05db0fb1,0.0,,1
6bba_05db0fb1,2.632800908728193,91.76846692833183,1
6bba_05db0fb1,0.0,,1
6bba_05db0fb1,1.4647552056572457,101.30993247402021,1
6bba_05db0fb1,1.7235727791422095,29.027649336121616,1
6bba_05db0fb1,0.0,,1
6bba_05db0fb1,2.0714766773970688,,1
6bba_05db0fb1,2.2980970388562794,82.45490741028135,1
6bba_05db0fb1,0.0,,1
6bba_05db0fb1,1.284675299443404,114.2710723038448,1
6bba_05db0fb1,4.908737426772795,,1
6bba_05db0fb1,0.40625,104.03624346792648,1
6bba_05db0fb1,0.0,,1
6bba_05db0fb1,2.368824207280903,50.502626758255374,1
6bba_05db0fb1,1.625,,1
6bba_05db0fb1,2.2980970388562794,30.963756532073518,1
6bba_05db0fb1,2.03125,29.688471490501506,1
6bba_05db0fb1,5.701990469344894,33.539466625338896,1
6bba_05db0fb1,0.9084026158592896,63.61003343428846,1
6bba_05db0fb1,0.8125,56.145485187379485,1
6bba_05db0fb1,0.0,,1
6bba_05db0fb1,0.9084026158592896,153.434948822922,1
6bba_05db0fb1,1.4647552056572457,11.309932474020195,1
6bba_05db0fb1,0.0,,1
6bba_05db0fb1,1.8168052317185792,71.56505117707799,1
6bba_05db0fb1,1.284675299443404,19.422939034568028,1
6bba_05db0fb1,1.7235727791422095,103.63302222536642,1
6bba_05db0fb1,0.9084026158592896,36.86989764584403,1
6bba_05db0fb1,3.494694639736067,74.93363908449489,1
6bba_05db0fb1,0.8125,49.672915655670266,1
6bba_05db0fb1,0.0,,1
6bba_05db0fb1,5.296851954227152,130.66949140845145,1
6bba_05db0fb1,1.284675299443404,,1
6bba_05db0fb1,0.0,,1
6bba_05db0fb1,1.7235727791422095,81.42689500055411,1
6bba_05db0fb1,1.1490485194281397,90.0,1
6bba_05db0fb1,1.6750116604071745,,1
6bba_05db0fb1,3.5648292823780494,70.00843927285855,1
6bba_05db0fb1,0.40625,161.565051177078,1
6bba_05db0fb1,2.0714766773970688,52.1250163489018,1
6bba_05db0fb1,2.1877232028983924,,1
6bba_05db0fb1,2.0714766773970688,33.11134196037202,1
6bba_05db0fb1,1.6750116604071745,104.03624346792648,1
6bba_05db0fb1,1.7235727791422095,47.1641627162977,1
6bba_05db0fb1,2.632800908728193,39.244780007381365,1
6bba_05db0fb1,0.8125,0.0,1
6bba_05db0fb1,1.4647552056572457,78.69006752597979,1
6bba_05db0fb1,2.9295104113144914,78.35765456291017,1
6bba_05db0fb1,0.5745242597140698,45.0,1
6bba_05db0fb1,3.2752922102462856,155.3788874909597,1
6bba_05db0fb1,0.8125,78.69006752597979,1
6bba_05db0fb1,1.625,,1
6bba_05db0fb1,1.6750116604071745,137.81313547305282,1
6bba_05db0fb1,2.1877232028983924,68.61097682737565,1
6bba_05db0fb1,2.0714766773970688,78.69006752597979,1
6bba_05db0fb1,1.625,90.0,1
6bba_05db0fb1,2.632800908728193,,1
6bba_05db0fb1,1.86167137607581,98.87639508097335,1
6bba_05db0fb1,1.7235727791422095,86.25178481215947,1
6bba_05db0fb1,1.1490485194281397,26.56505117707798,1
6bba_05db0fb1,0.40625,93.57633437499736,1
6bba_05db0fb1,2.0714766773970688,78.69006752597979,1
6bba_05db0fb1,0.0,,1
6bba_05db0fb1,0.40625,64.12330993917249,1
6bba_05db0fb1,1.86167137607581,61.041105120532784,1
6bba_05db0fb1,1.9902104160113323,114.09484255211069,1
6bba_05db0fb1,1.9902104160113323,12.156145050965607,1
6bba_05db0fb1,2.368824207280903,71.01045073358982,1
6bba_05db0fb1,1.86167137607581,153.989936222426,1
6bba_05db0fb1,2.6012692214570947,56.48483828617204,1
6bba_05db0fb1,1.7235727791422095,19.471220634490695,1
6bba_05db0fb1,1.7235727791422095,50.68545354738157,1
6bba_05db0fb1,1.8168052317185792,,1
6bba_05db0fb1,1.9902104160113323,,1
6bba_05db0fb1,0.0,,1
6bba_05db0fb1,1.7235727791422095,108.43494882292202,1
6bba_05db0fb1,2.1877232028983924,1.2074182697257333e-06,1
6bba_05db0fb1,3.6787502123683256,62.24733487708578,1
6bba_05db0fb1,0.5745242597140698,,1
6bba_05db0fb1,0.5745242597140698,90.0,1
6bba_05db0fb1,0.9084026158592896,102.52880770915151,1
6bba_05db0fb1,1.86167137607581,77.39561735162081,1
6bba_05db0fb1,1.6750116604071745,103.30234084469825,1
6bba_05db0fb1,0.5745242597140698,90.0,1
6bba_05db0fb1,2.2980970388562794,,1
6bba_05db0fb1,2.569350598886808,,1
6bba_05db0fb1,1.21875,77.39561735162081,1
6bba_05db0fb1,1.6750116604071745,22.83365417791755,1
6bba_05db0fb1,1.6750116604071745,,1
6bba_05db0fb1,2.0714766773970688,29.346508916717564,1
6bba_05db0fb1,0.40625,,1
6bba_05db0fb1,0.0,,1
6bba_05db0fb1,3.471001521535247,145.40771131249005,1
6bba_05db0fb1,1.8168052317185792,,1
6bba_05db0fb1,0.9084026158592896,67.02309667979011,1
6bba_05db0fb1,2.333728575156074,21.164958170091136,1
6bba_05db0fb1,0.40625,,1
6bba_05db0fb1,0.8125,,1
6bba_05db0fb1,3.447145558284419,,1
6bba_05db0fb1,0.8125,48.18968510422141,1
6bba_05db0fb1,0.0,,1
6bba_05db0fb1,1.284675299443404,64.89590974977862,1
6bba_05db0fb1,0.5745242597140698,80.53767779197439,1
6bba_05db0fb1,0.9084026158592896,8.537736462515939e-07,1
6bba_05db0fb1,3.374565944310468,106.67956723982358,1
6bba_05db0fb1,0.9084026158592896,26.565051177077994,1
6bba_05db0fb1,1.284675299443404,108.43494882292201,1
6bba_05db0fb1,1.7235727791422095,54.735610317245346,1
6bba_05db0fb1,0.40625,,1
6bba_05db0fb1,2.7252078475778685,15.25511870305774,1
6bba_05db0fb1,0.0,,1
6bba_05db0fb1,0.9084026158592896,108.43494882292201,1
6bba_05db0fb1,2.333728575156074,11.844282600216772,1
6bba_05db0fb1,1.6750116604071745,13.633022225366389,1
6bba_05db0fb1,2.9575446425202108,119.05460409907714,1
6bba_05db0fb1,0.0,,1
6bba_05db0fb1,2.1877232028983924,41.92073728827869,1
6bba_05db0fb1,0.40625,38.67344937613534,1
6bba_05db0fb1,3.6336104634371584,79.85347692819988,1
6bba_05db0fb1,0.0,,1
6bba_05db0fb1,0.5745242597140698,68.32912088638881,1
6bba_05db0fb1,0.0,,1
6bba_05db0fb1,0.8125,141.05755873101862,1
6bba_05db0fb1,1.21875,45.86825078796896,1
6bba_05db0fb1,1.6750116604071745,137.81313547305282,1
6bba_05db0fb1,0.40625,,1
6bba_05db0fb1,0.0,,1
6bba_05db0fb1,1.4647552056572457,55.51861062801842,1
6bba_05db0fb1,1.86167137607581,,1
6bba_05db0fb1,1.6750116604071745,146.0151074965648,1
6bba_05db0fb1,1.284675299443404,49.41780493492815,1
6bba_05db0fb1,0.0,,1
6bba_05db0fb1,4.685103554085011,23.116421919208353,1
6bba_05db0fb1,1.6750116604071745,90.0,1
6bba_05db0fb1,1.1490485194281397,85.37796307416288,1
6bba_05db0fb1,2.0714766773970688,126.03989343030386,1
6bba_05db0fb1,1.6750116604071745,80.12503860217872,1
6bba_05db0fb1,1.6750116604071745,124.46595604571381,1
6bba_05db0fb1,1.6750116604071745,14.036243467926484,1
6bba_05db0fb1,2.0714766773970688,78.69006752597979,1
6bba_05db0fb1,3.0671202393287422,32.335979731787916,1
6bba_05db0fb1,1.86167137607581,,1
6bba_05db0fb1,2.8726212985703494,,1
6bba_05db0fb1,1.284675299443404,74.74488129694222,1
6bba_05db0fb1,0.9084026158592896,67.02309667979011,1
6bba_05db0fb1,0.9084026158592896,161.56505117707798,1
6bba_05db0fb1,1.9902104160113323,65.90515744788931,1
6bba_05db0fb1,1.625,,1
6bba_05db0fb1,0.0,,1
6bba_05db0fb1,2.333728575156074,44.131749212031046,1
6bba_05db0fb1,1.86167137607581,121.5881355052012,1
6bba_05db0fb1,0.8125,97.07055511696582,1
6bba_05db0fb1,0.9084026158592896,90.0,1
6bba_05db0fb1,1.86167137607581,67.02309667979011,1
6bba_05db0fb1,0.0,,1
6bba_05db0fb1,2.8726212985703494,,1
6bba_05db0fb1,0.0,,1
6bba_05db0fb1,0.40625,97.07055511696582,1
6bba_05db0fb1,2.03125,157.16634582208246,1
6bba_05db0fb1,0.40625,76.3669777746336,1
6bba_05db0fb1,0.0,,1
6bba_05db0fb1,0.0,,1
6bba_05db0fb1,0.9084026158592896,,1
6bba_05db0fb1,0.9084026158592896,113.57817847820183,1
6bba_05db0fb1,1.86167137607581,124.56678821793116,1
6bba_05db0fb1,1.284675299443404,77.07903361841643,1
6bba_05db0fb1,0.9084026158592896,102.52880770915151,1
6bba_05db0fb1,1.86167137607581,140.43615630184766,1
6bba_05db0fb1,2.9575446425202108,,1
6bba_05db0fb1,3.832554834897995,,1
6bba_05db0fb1,3.832554834897995,112.00984133998594,1
6bba_05db0fb1,4.487177913232324,,1
6bba_05db0fb1,0.8125,107.34606529266995,1
6bba_05db0fb1,1.86167137607581,104.0099865716056,1
6bba_05db0fb1,3.374565944310468,143.85946593670354,1
6bba_05db0fb1,0.0,,1
6bba_05db0fb1,0.0,,1
6bba_05db0fb1,2.9575446425202108,,1
6bba_05db0fb1,0.40625,116.56505117707799,1
6bba_05db0fb1,2.1877232028983924,,1
6bba_05db0fb1,1.284675299443404,18.434948822921996,1
6bba_05db0fb1,1.86167137607581,17.70008631265546,1
6bba_05db0fb1,2.0714766773970688,57.42102960719588,1
6bba_05db0fb1,0.0,,1
6bba_05db0fb1,0.40625,,1
6bba_05db0fb1,1.7235727791422095,39.50971228619392,1
6bba_05db0fb1,0.0,,1
6bba_05db0fb1,4.021669817998489,24.613597652978545,1
6bba_05db0fb1,1.6750116604071745,,1
6bba_05db0fb1,2.9575446425202108,30.681939072374274,1
6bba_05db0fb1,2.1877232028983924,22.382312366552757,1
6bba_05db0fb1,0.9084026158592896,56.78908923910092,1
6bba_05db0fb1,1.7235727791422095,71.56505117707799,1
6bba_05db0fb1,1.86167137607581,,1
6bba_05db0fb1,2.569350598886808,,1
6bba_05db0fb1,0.0,,1
6bba_05db0fb1,0.0,,1
6bba_05db0fb1,0.0,,1
6bba_05db0fb1,1.1490485194281397,68.32912088638881,1
6bba_05db0fb1,1.284675299443404,18.434948822921996,1
6bba_05db0fb1,0.0,,1
6bba_05db0fb1,5.816614806956019,69.56068242674176,1
6bba_05db0fb1,0.0,,1
6bba_05db0fb1,0.40625,68.1985905136482,1
6bba_05db0fb1,3.093907824257213,86.63353933657021,1
6bba_05db0fb1,0.0,,1
6bba_05db0fb1,1.21875,,1
6bba_05db0fb1,0.9084026158592896,88.40144562518664,1
6bba_05db0fb1,0.0,,1
6bba_05db0fb1,0.5745242597140698,,1
6bba_05db0fb1,1.625,90.0,1
6bba_05db0fb1,2.632800908728193,124.14996479229283,1
6bba_05db0fb1,0.8125,0.0,1
6bba_05db0fb1,0.5745242597140698,,1
6bba_05db0fb1,3.6787502123683256,63.61003343428846,1
6bba_05db0fb1,1.1490485194281397,90.0,1
6bba_05db0fb1,0.9084026158592896,90.0,1
6bba_05db0fb1,3.300390601883359,119.59257372668816,1
6bba_05db0fb1,0.5745242597140698,99.87496139782128,1
6bba_05db0fb1,1.6750116604071745,,1
6bba_05db0fb1,4.4502457797294745,32.71872905338669,1
6bba_05db0fb1,3.494694639736067,,1
6bba_05db0fb1,2.9575446425202108,,1
6bba_05db0fb1,1.21875,27.266044450732828,1
6bba_05db0fb1,1.86167137607581,64.12330993917249,1
6bba_05db0fb1,2.6012692214570947,83.6598082540901,1
6bba_05db0fb1,0.0,,1
6bba_05db0fb1,2.0714766773970688,,1
6bba_05db0fb1,1.9902104160113323,153.0159395362353,1
6bba_05db0fb1,1.86167137607581,102.60438264837919,1
6bba_05db0fb1,1.6750116604071745,59.03624346792647,1
6bba_05db0fb1,0.0,,1
6bba_05db0fb1,3.2752922102462856,59.55448433648862,1
6bba_05db0fb1,2.1877232028983924,97.54509258971866,1
6bba_05db0fb1,1.1490485194281397,,1
6bba_05db0fb1,0.8125,103.17471215956763,1
6bba_05db0fb1,1.7235727791422095,,1
6bba_05db0fb1,1.7235727791422095,166.36697777463363,1
6bba_05db0fb1,0.40625,0.0,1
6bba_05db0fb1,1.284675299443404,64.89590974977862,1
6bba_05db0fb1,3.471001521535247,60.96990377476915,1
6bba_05db0fb1,1.86167137607581,108.91568244623787,1
6bba_05db0fb1,3.350023320814349,76.39103936921708,1
6bba_05db0fb1,0.5745242597140698,153.43494882292202,1
6bba_05db0fb1,1.8168052317185792,139.3987053549955,1
6bba_05db0fb1,0.8125,,1
6bba_05db0fb1,2.03125,81.63252797964657,1
6bba_05db0fb1,0.0,,1
6bba_05db0fb1,2.8726212985703494,56.309932474020215,1
6bba_05db0fb1,2.0714766773970688,37.87498365109821,1
6bba_05db0fb1,0.5745242597140698,43.31385665828306,1
6bba_05db0fb1,1.284675299443404,104.96321743330712,1
6bba_05db0fb1,0.0,,1
6bba_05db0fb1,2.368824207280903,27.07686079447137,1
6bba_05db0fb1,2.333728575156074,,1
6bba_05db0fb1,0.8125,76.14733123923796,1
6bba_05db0fb1,0.0,,1
6bba_05db0fb1,1.284675299443404,98.5731049994459,1
6bba_05db0fb1,0.0,,1
6bba_05db0fb1,2.333728575156074,29.9950372954983,1
6bba_05db0fb1,3.2752922102462856,95.03163722172496,1
6bba_05db0fb1,3.7454399357752353,12.528807709151492,1
6bba_05db0fb1,0.40625,161.565051177078,1
6bba_05db0fb1,2.333728575156074,93.70680433924063,1
6bba_05db0fb1,2.8726212985703494,115.10409025022139,1
6bba_05db0fb1,1.7235727791422095,30.96375653207351,1
6bba_05db0fb1,0.40625,180.0,1
6bba_05db0fb1,4.318496736423452,49.982833138576964,1
6bba_05db0fb1,2.03125,,1
6bba_05db0fb1,0.9084026158592896,60.7940677526006,1
6bba_05db0fb1,2.03125,26.405562445947222,1
6bba_05db0fb1,1.86167137607581,17.70008631265546,1
6bba_05db0fb1,1.625,60.50379150343357,1
6bba_05db0fb1,0.40625,114.09484255211069,1
6bba_05db0fb1,1.625,165.96375653207352,1
6bba_05db0fb1,2.1877232028983924,129.1508388961076,1
6bba_05db0fb1,3.72334275215162,137.81313547305282,1
6bba_05db0fb1,2.632800908728193,98.87639508097335,1
6bba_05db0fb1,0.40625,121.99281700018172,1
6bba_05db0fb1,1.7235727791422095,70.52877936550931,1
6bba_05db0fb1,0.8125,,1
6bba_05db0fb1,0.40625,0.0,1
6bba_05db0fb1,1.625,150.7940677526006,1
6bba_05db0fb1,0.9084026158592896,,1
6bba_05db0fb1,1.86167137607581,95.1592117220265,1
6bba_05db0fb1,1.9902104160113323,47.83119819524826,1
6bba_05db0fb1,5.041429918683786,152.70222450123023,1
6bba_05db0fb1,2.03125,41.820169880135765,1
6bba_05db0fb1,0.40625,100.02498786207575,1
6bba_05db0fb1,2.471122277933652,,1
6bba_05db0fb1,2.368824207280903,,1
6bba_05db0fb1,0.5745242597140698,45.0,1
6bba_05db0fb1,1.6750116604071745,135.518542156226,1
6bba_05db0fb1,1.8168052317185792,40.617534233842896,1
6bba_05db0fb1,4.241374519244911,50.01930949246516,1
6bba_05db0fb1,3.300390601883359,82.92944488303418,1
6bba_05db0fb1,1.625,90.0,1
6bba_05db0fb1,0.8125,,1
6bba_05db0fb1,0.9084026158592896,66.42182152179818,1
6bba_05db0fb1,1.7235727791422095,,1
6bba_05db0fb1,1.284675299443404,55.30484646876604,1
6bba_05db0fb1,4.5420130792964475,,1
6bba_05db0fb1,0.0,,1
6bba_05db0fb1,0.9084026158592896,96.22685029713438,1
6bba_05db0fb1,1.21875,0.0,1
6bba_05db0fb1,1.4647552056572457,49.47934560540786,1
6bba_05db0fb1,1.8168052317185792,71.56505117707799,1
6bba_05db0fb1,2.333728575156074,102.30998866432856,1
6bba_05db0fb1,1.6750116604071745,162.29991368734454,1
6bba_05db0fb1,0.0,,1
6bba_05db0fb1,4.908737426772795,170.50547549029474,1
6bba_05db0fb1,2.1877232028983924,68.61097682737565,1
6bba_05db0fb1,2.9295104113144914,,1
6bba_05db0fb1,2.1877232028983924,71.08431755376213,1
6bba_05db0fb1,0.5745242597140698,11.309932474020195,1
6bba_05db0fb1,1.7235727791422095,76.3669777746336,1
6bba_05db0fb1,0.0,,1
6bba_05db0fb1,0.0,,1
6bba_05db0fb1,2.333728575156074,18.255059151203543,1
6bba_05db0fb1,3.494694639736067,21.840095435972678,1
6bba_05db0fb1,4.33756303988772,77.26656108642624,1
6bba_05db0fb1,2.03125,,1
6bba_05db0fb1,1.86167137607581,,1
6bba_05db0fb1,2.8726212985703494,,1
6bba_05db0fb1,0.9084026158592896,161.56505117707798,1
6bba_05db0fb1,1.9902104160113323,90.0,1
6bba_05db0fb1,0.8125,64.12330993917249,1
6bba_05db0fb1,1.6750116604071745,,1
6bba_05db0fb1,0.40625,161.565051177078,1
6bba_05db0fb1,2.03125,,2
6bba_05db0fb1,1.625,90.0,1
6bba_05db0fb1,0.0,,1
6bba_05db0fb1,1.284675299443404,107.10272896905236,1
6bba_05db0fb1,1.284675299443404,90.0,1
6bba_05db0fb1,1.9902104160113323,26.084541552047053,1
6bba_05db0fb1,3.1729139308370784,5.1944289077348,1
6bba_05db0fb1,0.9084026158592896,45.00000000000001,1
6bba_05db0fb1,0.8125,,1
6bba_05db0fb1,0.5745242597140698,64.89590974977861,1
6bba_05db0fb1,0.9084026158592896,71.56505117707799,1
6bba_05db0fb1,1.8168052317185792,63.43494882292201,1
6bba_05db0fb1,0.5745242597140698,18.434948822922035,1
6bba_05db0fb1,0.9084026158592896,53.13010235415599,1
6bba_05db0fb1,1.625,90.0,1
6bba_05db0fb1,3.374565944310468,,1
6bba_05db0fb1,0.0,,1
6bba_05db0fb1,1.6750116604071745,180.0,1
6bba_05db0fb1,0.0,,1
6bba_05db0fb1,0.40625,51.34019174590991,1
6bba_05db0fb1,1.9902104160113323,56.78908923910092,1
6bba_05db0fb1,1.8168052317185792,8.537736462515939e-07,1
6bba_05db0fb1,1.284675299443404,98.13010235415598,1
6bba_05db0fb1,0.0,,1
6bba_05db0fb1,0.0,,1
6bba_05db0fb1,2.333728575156074,,1
6bba_05db0fb1,1.86167137607581,102.60438264837919,1
6bba_05db0fb1,0.5745242597140698,45.0,1
6bba_05db0fb1,3.5648292823780494,33.984892503435205,1
6bba_05db0fb1,0.9084026158592896,26.565051177077994,1
6bba_05db0fb1,1.86167137607581,140.49028771380608,1
6bba_05db0fb1,0.5745242597140698,76.3669777746336,1
6bba_05db0fb1,1.4647552056572457,90.0,1
6bba_05db0fb1,0.40625,90.0,1
6bba_05db0fb1,0.0,,1
6bba_05db0fb1,4.958913218891817,46.30195267257887,1
6bba_05db0fb1,1.284675299443404,55.30484646876604,1
6bba_05db0fb1,1.4647552056572457,,1
6bba_05db0fb1,3.5648292823780494,,1
6bba_05db0fb1,1.625,141.67118189854412,1
6bba_05db0fb1,2.0714766773970688,,1
6bba_05db0fb1,4.375446405796785,,1
6bba_05db0fb1,1.7235727791422095,90.0,1
6bba_05db0fb1,2.8145825622994254,74.20683095173604,1
6bba_05db0fb1,3.5648292823780494,66.29191335906535,1
6bba_05db0fb1,2.4375,62.341082142278594,1
6bba_05db0fb1,2.0714766773970688,90.0,1
6bba_05db0fb1,1.625,26.565051177077994,1
6bba_05db0fb1,2.03125,,1
6bba_05db0fb1,0.40625,86.42366562500266,1
6bba_05db0fb1,1.8168052317185792,28.560825217811256,1
6bba_05db0fb1,2.0714766773970688,,1
6bba_05db0fb1,0.40625,153.434948822922,1
6bba_05db0fb1,1.4647552056572457,90.0,1
6bba_05db0fb1,0.9084026158592896,172.87498365109815,1
6bba_05db0fb1,0.0,,1
6bba_05db0fb1,3.5648292823780494,103.17471215956763,1
6bba_05db0fb1,0.5745242597140698,71.56505117707799,1
6bba_05db0fb1,1.4647552056572457,74.50750056721469,1
6bba_05db0fb1,1.7235727791422095,76.3669777746336,1
6bba_05db0fb1,1.7235727791422095,,1
6bba_05db0fb1,2.84375,180.0,1
6bba_05db0fb1,1.6750116604071745,99.87496139782128,1
6bba_05db0fb1,3.25,153.434948822922,1
6bba_05db0fb1,2.4375,,1
6bba_05db0fb1,5.58501412822743,,1
6bba_05db0fb1,4.942244555867304,90.0,1
6bba_05db0fb1,1.86167137607581,146.0195146688053,1
6bba_05db0fb1,6.214430032191206,,1
6bba_05db0fb1,0.9084026158592896,,1
6bba_05db0fb1,2.03125,45.00000000000001,1
6bba_05db0fb1,0.0,,1
6bba_05db0fb1,2.1877232028983924,118.78059908926116,1
6bba_05db0fb1,2.6012692214570947,,1
6bba_05db0fb1,0.40625,63.43494882292201,1
6bba_05db0fb1,0.40625,99.46232220802563,1
6bba_05db0fb1,4.0625,17.592424562181588,1
6bba_05db0fb1,1.8168052317185792,66.42182152179818,1
6bba_05db0fb1,2.1877232028983924,109.13291340687026,1
6bba_05db0fb1,1.7235727791422095,180.0,1
6bba_05db0fb1,0.5745242597140698,0.0,1
6bba_05db0fb1,1.8168052317185792,112.14603159742286,1
6bba_05db0fb1,1.4647552056572457,68.15455236035753,1
6bba_05db0fb1,0.40625,53.960106569696144,1
6bba_05db0fb1,0.40625,26.565051177077994,1
6bba_05db0fb1,0.40625,90.0,1
6bba_05db0fb1,0.5745242597140698,18.434948822922035,1
6bba_05db0fb1,0.0,,1
6bba_05db0fb1,0.40625,135.0,1
6bba_05db0fb1,1.6750116604071745,90.0,1
6bba_05db0fb1,1.21875,53.960106569696144,1
6bba_05db0fb1,0.0,,1
6bba_05db0fb1,1.21875,36.86989764584401,1
6bba_05db0fb1,0.5745242597140698,108.43494882292201,1
6bba_05db0fb1,1.7235727791422095,149.0362434679265,1
6bba_05db0fb1,3.2752922102462856,172.87498365109818,1
6bba_05db0fb1,1.8168052317185792,66.42182152179818,1
6bba_05db0fb1,2.0714766773970688,76.24175035405005,1
6bba_05db0fb1,0.9084026158592896,75.03678256669288,1
6bba_05db0fb1,1.7235727791422095,18.434948822921996,1
6bba_05db0fb1,1.6750116604071745,,1
6bba_05db0fb1,1.1490485194281397,45.0,1
6bba_05db0fb1,1.6750116604071745,78.35765456291017,1
