base_bytes,base_cost,base_error,base_memory,base_params,base_points,base_sha256,byte_delta,classification,cost_delta,different,donor_bytes,donor_cost,donor_error,donor_memory,donor_params,donor_points,donor_sha256,point_delta,task
5434,764,,660,104,18.361432210833478,efce94591d90d91b418f893866e91a4c42e684031389dfd328731d679412cbfe,-4368,cost-positive,-651,True,1066,113,,53,60,20.27261218128766,2e1b539d0a0ee2347b478ef89676386b8300170cc3a2d8a006beb27f99450b09,1.9111799704541816,task188
2614,1808,,1646,162,17.500023459047878,a98c84ce6b85582c7ae205095c79ae1cd820f9e88461b962deca79700ae83da5,-1840,cost-positive,-1533,True,774,275,,190,85,19.38322890233343,f091c4b4b8f20e71d23b1ec2f5dd94a9b2637359bcc3414f826f1c13d8f2cea8,1.8832054432855507,task161
3101,3114,,3039,75,16.956336647606058,d6c521fcea56555db14da5d903b3394d7716dcb704b7c0ccec57306ef1cdd1d5,-630,cost-positive,-2356,True,2471,758,,679,79,18.36931661435763,834fe149b126376ade77a246b1ebcebf8e6abc31472d84d4881c07eaa630ad31,1.4129799667515712,task079
1173,402,,200,202,19.003547911380977,7522945b9d6b38bea0a5d0b3d2be2ead79cbf22c957a4fd45197cabc887e2678,-281,cost-positive,-254,True,892,148,,0,148,20.002787726235887,7dec9a3acc9fe49a7aa493e027a894192cb626ba18b927095d953e98299de7c3,0.99923981485491,task272
920,200,,144,56,19.701682633451963,f9625be22bba6717281a52ec13ef7747cbe8064618690490d8259159db56760e,-405,cost-positive,-126,True,515,74,,0,74,20.69593490679583,5f9a8513d653a8fd3ea5c74440eb587bce7e2e25e3ae5b96907e99fab8d0fddc,0.9942522733438679,task322
5515,4387,,3372,1015,16.613599098833788,ad222c862dd167b9e6b6f63e8c945011a5120ea09b94c311229ddd6368f96c92,-2938,cost-positive,-2656,True,2577,1731,,1644,87,17.543545444823792,eafb76abe8657f492f0574175e32276770df9347b2ab10141dc74b564f493cc8,0.9299463459900039,task377
4768,1829,,1694,135,17.488475351609132,fb8846f992cf784aba1e5d97c15d418bff48c408f7df6cc0f00e3da8bb73cb4b,-1919,cost-positive,-1104,True,2849,725,,108,617,18.413828345145326,6f7bfabe83cacf536476b367457edbbbb4cadac685377c305153018e9f030d9c,0.9253529935361939,task237
1200,190,,0,190,19.752975927839515,34c4840699dcbf379a0ad49f934c18f96525056b6771c7f3b81347d1becf3f30,-593,cost-positive,-110,True,607,80,,0,80,20.61797336532612,01ba84e2bca7236e35b1b674ebe44e86b809ffb65de9c8e29e2f3c6d39f44127,0.8649974374866041,task040
702,130,,108,22,20.132465549544417,0681ea20328fc88312ade626895809eb611fcc858e7114f824a58dc9254dc16a,-242,cost-positive,-75,True,460,55,,0,55,20.992666814767528,9538f819dc1c99a64c58c63e6d0c86a6ee01c09ad7602e5e8bc10f6fffcabaa1,0.860201265223111,task389
1921,194,,183,11,19.73214184093667,3aed754b3b13af23e3649151957654ce3394467526edec8540c2299563d18d8f,-1385,cost-positive,-109,True,536,85,,36,49,20.557348743509685,8565289b4041939a61144a35cdfe36f4061b6b3cd31a47665a5bd368e4e33168,0.8252069025730151,task334
1289,270,,0,270,19.401578041001624,f8becd26db4c6d2f4068d22a7924733976063adfb56c458cb3189e93ef9a99e2,-484,cost-positive,-144,True,805,126,,0,126,20.163718093048523,dfe0e43453303ebda17a7787355d151ff2bcc3fa5d027d97c06833400a626c05,0.7621400520468988,task211
3775,900,,0,900,18.197605236675688,42a3febf8cb74ef85d4ed828ddfea69621184c455d2d38e4b35f818d79cde3fe,-726,cost-positive,-463,True,3049,437,,132,305,18.92006680490441,b6dfd2919336138dfcae4c4b65ffbbe2d9b37cc9ed31722ba4f335a6c28772d9,0.7224615682287201,task220
1147,238,,16,222,19.527729326328526,595cfba158a07e3ef2ad7265617d3368d61db512ca7b262d4ce3faf39fca50cc,-331,cost-positive,-120,True,816,118,,0,118,20.229315375534334,34571a7d5ea37c04e7562fe7ab21d293de3197cf9746aa02dec81bacda25d84c,0.7015860492058081,task104
4607,3332,,3212,120,16.888671996713267,00fd749bfb24956d282e71249073fdfddaf6477ee28c11d41074dfe416af46c4,-1754,cost-positive,-1676,True,2853,1656,,1533,123,17.587839665054794,f6912b5fd5b4f7bf104a821965844d543f4f3375485644ffc2c35cdfad230a6b,0.6991676683415271,task093
453,60,,0,60,20.9056554377779,8edd396f7ebbf71a21da16f7b09e414f2a8b583c9966d48216d566c4ed9c7c76,-119,cost-positive,-30,True,334,30,,0,30,21.598802618337846,2ab8f9622549f3016e1e6f21d2f3f83639880877ef89aef2695f9c202b967d0e,0.6931471805599472,task373
720,110,,0,110,20.299519634207584,58e44e897772468fa8bc5e2c135814ce49d0fd98ad30d6639e107bdb16f4a6af,-228,cost-positive,-54,True,492,56,,0,56,20.97464830926485,9090d7fc66fcf617eb83597d5b2020a5bfb9affae3720e3e34eb0391a8abca35,0.675128675057266,task024
873,359,,318,41,19.116677611511722,26f2fbaa7a2860a77aa7e50d1d97a87834ea8b788ecbcdb3ce207865dad02ded,-258,cost-positive,-176,True,615,183,,174,9,19.79051384715858,ca221eee6f25754161b6d2d14f91d15def8fc33898f32e4babd189bb766cd56f,0.6738362356468564,task100
847,146,,18,128,20.016393378291664,e9b26cbc8bf2c2bf3a198186c75383cb3cc1b6aa3710c7c0e91eae7c49784a4d,-398,cost-positive,-71,True,449,75,,55,20,20.68251188646369,8eed41c53ef36cb09a52800dcefd1993c6d73394314b4262bd06b20740b1faa2,0.6661185081720262,task167
918,180,,0,180,19.807043149109788,62fd80cbff2e6fc88c76d8b647e96f0bd350ca79c5a5ca4c4f89277638fa3fca,-280,cost-positive,-84,True,638,96,,0,96,20.435651808532164,a1f3f79dbaaedf0d166898641b3b0d641b2376fce8bab3ac088b5c39667c2e57,0.6286086594223761,task252
1415,499,,456,43,18.787393904248482,2cf3d0bb1f0a8425fe2448c6645c1f7c59b743a98eed8e84982e82bf2cf7195b,-550,cost-positive,-225,True,865,274,,264,10,19.38687189361193,caabdaae57238c64eb65c1bbc8fc090bd2c127f6d9b850fa9580178d82ea3909,0.5994779893634465,task355
3836,910,,0,910,18.186555400489105,159b7db4377d2a7d75a15aa8f84344e6d919741566944220da8f361aa1da572a,-3176,cost-positive,-410,True,660,500,,400,100,18.78539190157781,e923bcdc1ae6e86a044c3ca12ddf751a169c701f66820a5937a203b109fe2d80,0.5988365010887051,task331
4846,1072,,998,74,18.022718658369254,29162826fc46cd0fb54bdd0ac5339dce3489ffb44b35a38d4fba33e005f5523a,-3676,cost-positive,-461,True,1170,611,,514,97,18.584903040828404,87f1bf4fd165b26ca667f1c5f66a9afecdff3665e1def92f4fe28da40f0efebb,0.5621843824591508,task342
1984,2261,,2100,161,17.27643752772203,2bf0e3e9c15d0149cb996c64142eda65a49ae5daef0f85c948eac10504ba6846,-386,cost-positive,-967,True,1598,1294,,1109,185,17.834506524939155,5551a37bdb0d83b04d8de7a5fe217571757e1aff4216f14d263fcfa42cdc2cce,0.5580689972171236,task034
963,168,,0,168,19.876036020596743,70d055d527158aa58d649de095e8f8c932b6852fae95be66a3dd6f1a1c5baedb,-363,cost-positive,-69,True,600,99,,0,99,20.40488014986541,3a9df8ceb7069f91d2d26f9296eff2ab67806300d24acd522211f3a804aed65c,0.5288441292686663,task028
1823,4515,,4320,195,16.584839534148912,df504e26fefe294fdd9f7bbaec7a43761037cc58bb0b26ea6eb5cabf0671ed9b,-820,cost-positive,-1852,True,1003,2663,,2628,35,17.11279141418607,ccc7bbe90056b010ef94cdc25510741291a982145e35f72b67e6d7c995f7b91d,0.5279518800371577,task251
39061,6819,,6563,256,16.172531887479344,954190a7749ebd5e20e0584f14707f2b8b155364e0dd2b25ee572c80139ab215,-26108,cost-positive,-2780,True,12953,4039,,3847,192,16.696247584436588,14f7ecf0fa38c088cdaeed1d5f142bcf04082d4d54600159f2e7e05fa3a7cc6a,0.5237156969572432,task157
371,40,,0,40,21.311120545886062,e4316bf775feba0bc9dc82c0472b0b990aefde5fb40341dc51ca6d6f221e9fac,-50,cost-positive,-16,True,321,24,,0,24,21.821946169652055,ac704419012fdb4ad9b3d016b19131dc20aad28cf8867e4d0121fee4f26f6102,0.5108256237659923,task073
1418,300,,0,300,19.2962175253438,1ec138f2d3eb7c3bff39f95ed07c6c92c2c570be38055787e8feacfe2febf703,-466,cost-positive,-120,True,952,180,,0,180,19.807043149109788,5ce4cbdc653f2339cbdf91853e67c2f4f9dec1d83a993c730da26fe9ec148e68,0.5108256237659887,task321
4913,1941,,1592,349,17.42904141683099,bb463823cbf811270750c2926320bd908e78fa1b6bfbdb8f6c13d4a9a544162d,-2089,cost-positive,-772,True,2824,1169,,358,811,17.936096038527932,6414c2eda9be72073ded28a5b986a93f408c6e64505840ecdca95250d1f350c0,0.5070546216969412,task392
2599,2066,,1952,114,17.366630350320417,acfef9626c868fb48ca5ed18190fc65afe8dc36a63cafbe5d46011d64e2ea1a6,-890,cost-positive,-792,True,1709,1274,,1182,92,17.850083163867893,348a4d97aefeb91ec5f54dffccbf89a9866a15f3c0e3b4047d12358599750f1e,0.48345281354747627,task246
783,1393,,1200,193,17.760785026220194,15d15fcf6d0a2f8ea9c864a618fa2f79d2f343c39ba89c051a6c39429ddd0b7c,-48,cost-positive,-521,True,735,872,,800,72,18.22921057609102,643e3357efd5d89d3d667f214c52b757cb1a5064c9d528b2ca8de70147a21f8f,0.4684255498708261,task369
5072,3091,,2974,117,16.963750057867884,8d53220134f66c4d6ea7b2cbe16aec67aef316feb7c4ea4a043ef988595f91e0,-2865,cost-positive,-1111,True,2207,1980,,1934,46,17.40914787631142,d9534edbbde94b6e0916add9f3488a6a7e13b27198b44a7d0a2ca501086a92e9,0.445397818443535,task378
2804,958,,769,189,18.13515222202914,8c39d5354d91425c4782f4db731a400e8694155933d87be5e678caf0b93d7cfd,-952,cost-positive,-329,True,1852,629,,598,31,18.55586874329956,67ea2e69007546355690381c1f9f2e48d183de62ed4fb6b6537ffa1cd0de2685,0.4207165212704176,task288
3853,910,,0,910,18.186555400489105,2fe8dc13cad1deb1a8c198888aee42d5815814b2a2df5a1ced53452f033b7add,-3371,cost-positive,-309,True,482,601,,500,101,18.601405065464792,d54c717eade7afa6f3830590d1aa6ba498c7bec264f5425bca3fab105b967924,0.4148496649756872,task294
2800,3794,,3637,157,16.758823849505042,d3dfb2cdc312da5f088350dd008be9375a3542d6d40fe0b3ea2910c76defe368,-504,cost-positive,-1210,True,2296,2584,,2495,89,17.14290613509751,284473aaa644ef5d3a1453d6785e4b2c55b0c31b4ce9fead320ce2559419a0b9,0.3840822855924664,task358
2007,2217,,2164,53,17.29608979038369,24f9c01c8a7659febb273617c56ec6ec8fdc75301e530e9abc0d5a4b3cd18a17,-697,cost-positive,-701,True,1310,1516,,1473,43,17.676169433797682,173b10cf483cba0bbb6fe15852ebb2ce21f3978e97b5593a1d0aa73b6ed4a279,0.3800796434139926,task374
1714,1380,,1170,210,17.77016122184875,2b5f2b72577f6f760623197bfb2ab9bc4762afae945564d0bfe7ebc01cfdcc56,-334,cost-positive,-370,True,1380,1010,,932,78,18.082294390164694,7ab1753a6d6407e1bd3f20115005d1a4bed20d0c51b4a00aa595cdd4bc0ad55c,0.3121331683159454,task335
6737,5695,,5568,127,16.352656124118717,ec62415cb08530ff70e410cfd34a811953bb10617017cd31c0648cd493fe02aa,-4339,cost-positive,-1489,True,2398,4206,,4000,206,16.655732643737355,6eab7bda304bfba156351009e38cadee5e8a9d12b74f511cb89e42ecb6c44a02,0.3030765196186387,task382
3834,910,,0,910,18.186555400489105,60b721e8d62197c58d9fd25424832cde07e54d789c0e3f10b093f677c7961847,-775,cost-positive,-218,True,3059,692,,0,692,18.460414044382333,1675e6f496e5f83b0c59d8d7131ca1100b8c5dc17466f22a530eca1e88774541,0.27385864389322734,task344
2692,676,,355,321,18.483806923957037,e740504fef18b6ca71dccaa3da65c520751bf5ce0779606afe70ac926da15c40,-1059,cost-positive,-157,True,1633,519,,460,59,18.748096116834112,56cb92840dcb831df0e040ea5db63137708fd98cf404ed180bfa2fada0817f02,0.26428919287707586,task394
6467,1024,,805,219,18.068528194400546,bb4cfc4ace6bfd71dfecbf1fea89d780d74f15e5759e562d5661352f0701b936,-4932,cost-positive,-224,True,1535,800,,727,73,18.315388272332072,5980404bc12b0311e166edc94d0384f6141ead2990d6a9182d0d52f88197d929,0.24686007793152598,task183
1316,500,,320,180,18.78539190157781,0491f16c4a6eb11d4f0ceb4d71ba78eef6fb2981a3c7b1b7cc2a2d748205ae74,-86,cost-positive,-105,True,1230,395,,348,47,19.021114235098878,86bf66b01c294ee76f96bb6596725a89c477ca96e2f6aed489f0ac52a2375132,0.23572233352106764,task253
11436,7530,,7185,345,16.07334967920606,b0a0a2400035e1a95c1c87b83b547a31ddcf2ae5b082b529f67eb3ac02b59f04,-9052,cost-positive,-1554,True,2384,5976,,5921,55,16.304493273187347,d5e491ad0f517d08ac23ed2c6d984319fa1db09ab237b5d1ed5ad1a2675d224c,0.2311435939812867,task255
1427,355,,292,63,19.127882210524582,98d9f06dbc0479a94be0df405fc4356259097ea03def8320be95dc795cb2caee,-559,cost-positive,-72,True,868,283,,266,17,19.35455310235676,963d74c814b2e1c774fd760bf74d8c4caf4ac4a54548fcc3856f081217afc462,0.22667089183217826,task290
2606,1803,,1604,199,17.50279277679668,2cca72f3f7f65f4c2319beeeae8bc2b49d6bb9652e787824f6d3ca722542b1d5,-1177,cost-positive,-343,True,1429,1460,,1330,130,17.713808285297617,de6d82827b7068be75f5fc0212570b094e090b2fc7edb01a5a1773293028df3b,0.2110155085009353,task030
1924,1886,,1800,86,17.457786536806598,3aef9c3e1c23fd8be1e6a1ae3a52b56c523677d33ca69621f2342ece30e78c14,-217,cost-positive,-334,True,1707,1552,,1508,44,17.652700299256836,19dc5eb3d8d60488e06a9eb8077fe28def5570ed6db2af3524f283a5e3053894,0.19491376245023773,task224
4032,1955,,1651,304,17.421854527580535,cb2e45d47238e214af7d278e0c2bbd7c327446c2ad7c099e294bef0f338419a6,-1766,cost-positive,-273,True,2266,1682,,1578,104,17.572261159467107,93cd5d7c7bd5ce475995eb36bb7f09c9ee07f9e6ed21595e026e89edde1cd19a,0.15040663188657177,task185
3078,1562,,1505,57,17.64627766960037,aea824c5f3b86312b0d017d65b6800acd039722ef41ab46d5668b4df5c7b9932,-2158,cost-positive,-195,True,920,1367,,1310,57,17.77962616327605,7bd0ac76d90e45d6a55c512278b7acc63ce8081d538b02c5bc9f4246edcd9e14,0.1333484936756797,task156
4215,7653,,7500,153,16.05714699319008,52e16ff56007ff0d77a768200c6e9d8489330a06c9913fef0c57a4599be1552e,-451,cost-positive,-840,True,3764,6813,,6701,112,16.17341216922633,141d7af77cef0e3b226f145c95ffbf4b09460498bbcaa6317bf59758f282273c,0.11626517603625075,task379
1011,200,,0,200,19.701682633451963,4e56449b9c745647452dac693c2c5e05ac04a738c3178e6b3f5af0e88001f80c,-199,cost-positive,-20,True,812,180,,80,100,19.807043149109788,1bf0d1ce0adb7faed67a410fb441cbb55ec04af37f8edd9742a43a8257f08938,0.105360515657825,task229
1178,1319,,1300,19,17.815370847282686,24e9acdd6b1002612e9f26807572e0509780a13c22a7502c9e67d7a87d69306c,-424,cost-positive,-99,True,754,1220,,1200,20,17.893393862272696,1292065051659c4c459876e2cb867d33b078633dc5b70777947a25006f3a98c7,0.07802301499000919,task356
2196,638,,582,56,18.54166171665521,b8b434ac832a270191b343a343693a2fb0e3863c40778cabaf753110e319bb51,-961,cost-positive,-40,True,1235,598,,550,48,18.606409246049367,042d4e0dd24cca8031aea65dfed802be18dff7d8c377ba5ccb6d3d67be507f39,0.06474752939415751,task065
841,160,,0,160,19.924826184766175,99b599c06b5383b6a3980625451879d190052ada9c03c5bcff44f91446a2e420,-47,cost-positive,-10,True,794,150,,0,150,19.989364705903746,66f01abc7c629250bbfcdec2238603f4e6fa651d9cc9bfd06b9930e692b326ba,0.06453852113757108,task258
623,104,,0,104,20.35560910085863,24b5c705a650f19dd38c7477a70dc19699523501662ffde1afb3973cb504ff4a,-21,cost-positive,-4,True,602,100,,0,100,20.394829814011906,462fd3f5d0b79a6ad38365ef1feb3b31535ed5412d0ffa61aa5ff2e835be28f0,0.03922071315327713,task144
1703,345,,242,103,19.15645558296864,90f67e98b88dc7cf18827011f97c5e3e7ffd2cb811ad3edb0e6b8268a26e011b,-851,cost-positive,-1,True,852,344,,303,41,19.159358342626604,a30c36ed850510547e68b580a998d22e17dab81e1568c1cfcf910684fc922640,0.002902759657963827,task049
1161,5346,,5272,74,16.415896103301137,56a2b1dcab446fd8d3d5e5f41af4c2cba35cc7c6b15b43cccacce334775a922e,-10,cost-positive,-4,True,1151,5342,,5272,70,16.416644606330095,607a270219a55c8eb672463122aa4445a02921b281e70530060888b90466658c,0.0007485030289586803,task192
877,153,,126,27,19.969562078607566,c59abe078271e1b9716a9cfcaa299391f7a73d012775c268342f00ac36e40794,-308,cost-neutral,0,True,569,153,,126,27,19.969562078607566,87542a0252ae3163e7ca36ccfa10483efe8908221f9ffe1e0a48c9e54bb261d9,0.0,task006
840,127,,0,127,20.15581291354141,ee94f67c01b2af670919d608cdab2bd9611aa816f0d618d81945b3de27e3fabc,-103,cost-neutral,0,True,737,127,,0,127,20.15581291354141,3bdfe81ad3ccb62cc311a90949f886cf29f6dc822b8720a17b11eff03ece21b2,0.0,task007
158,10,,0,10,22.697414907005953,fb83a8e988f586009bf17279b7aedb194e3492a8e6f357be6d5e9ed903615733,-3,cost-neutral,0,True,155,10,,0,10,22.697414907005953,6ac7b2508c1914837f3c4c044cb82b1502174039ae4fcb52ef0367116de6848f,0.0,task016
844,324,,264,60,19.21925648420767,014d964ed0937b3da52fef113d01f3dc5bc74432d55441883773265ce5a0530e,-3,cost-neutral,0,True,841,324,,264,60,19.21925648420767,9c88cd14d6fba2f4d2c4327428b0830618f41ac52b15d1855005b6a9918fc8c9,0.0,task021
1016,200,,0,200,19.701682633451963,cad3493d1882e587c1667ce1b4797c2692ad843221d4e0f20b935d6cdd8aab2f,-39,cost-neutral,0,True,977,200,,0,200,19.701682633451963,2e15dbe5af1af865e50abf34ede39639234803793f32bd93f7e00f6d21faff9e,0.0,task026
892,213,,163,50,19.638707834290575,c4776de59a95731af1b97ef08b61bd62db867c2ddd6b9d2039ce294a0817b7de,-202,cost-neutral,0,True,690,213,,163,50,19.638707834290575,614e175cef5779da691e08d113d71ae8f9b8f43ac8f5a73212f1e362490059f4,0.0,task038
1830,3110,,2792,318,16.95762199482672,750708a9a5332fbd8c065a17348a4b924a31c866117c6b9319e896e0ab2b652c,-478,cost-neutral,0,True,1352,3110,,2792,318,16.95762199482672,2b473e13425b668d62e0c02dc5e0069afacc6b18bee9c7da1daad218f4a5bd7b,0.0,task042
1786,793,,588,205,18.324176778365153,f779cd25faf94b2cb7aba327fd656159c8993ea8751767ae384105af8f1dc153,-366,cost-neutral,0,True,1420,793,,588,205,18.324176778365153,fc0ad9351e692880daa827475328d3ee8847d9d45f8e47d66c6d2d6bc0f4ea08,0.0,task043
2305,862,,826,36,18.240744729336306,7a9b76d46fa67b896ead9c80c3c13e8a408bb0d969aa6c4054fb74c6bb0caf58,-1197,cost-neutral,0,True,1108,862,,826,36,18.240744729336306,08f356a70265d794515b8116baaed6f70c4d549502c1a67e66daca1542835f2c,0.0,task047
2872,1744,,1643,101,17.536063395531073,8578b1dd81b132ec7a6e9a5601457498cc26610c33c3a954bfea8271fbf3ae24,-1210,cost-neutral,0,True,1662,1744,,1643,101,17.536063395531073,ae8b0378849c3b0b7b7666599493b1a3925bc997f27a7ea37373fd952b08a1cc,0.0,task051
859,34,,34,0,21.473639475383838,a5d7b219941d1f76d28f1a9315c0e6e964a5b9902a851c8055464c5060a15fc5,-302,cost-neutral,0,True,557,34,,34,0,21.473639475383838,f2a24b911c77157545ec877bdffd3190e44ff9e526907d3d8532c38cf7a67944,0.0,task056
1367,668,,638,30,18.495711826463356,cb0320957f8280498ce363280dac5110fa977cd41c94e7e44668d34bb6412224,-284,cost-neutral,0,True,1083,668,,638,30,18.495711826463356,b9aecfda10acb0ec2bb240691fc016dab4468b5e6000ed6a8d2ab2a4e055d756,0.0,task057
875,1668,,1633,35,17.58061941708131,ca895cf016d83d9fdbcadf4e03a66caa491ec02314138a789a56ccd0a62addcd,-307,cost-neutral,0,True,568,1668,,1633,35,17.58061941708131,d591d61df70bb0eeb37f66c1ce511da8c5424b9f0d1e021f6420a96973fbc237,0.0,task061
1693,623,,500,123,18.565453481212547,4dff0626d4da16c33bac4c0edd9a6b73856b403fcb124505fedd4dadbedc15ca,-719,cost-neutral,0,True,974,623,,500,123,18.565453481212547,e963692fdf0ba18a72b88d1d6d7e8b14a07c2f2e9945eddf11854c788eed6a8f,0.0,task068
1697,1487,,1326,161,17.695484053539843,597d643e5bf0921ab6030007e6242e77feb12b000c0e392b7fe40296a9bae887,-401,cost-neutral,0,True,1296,1487,,1326,161,17.695484053539843,9f05b671da7d160085265de8cbafaca531362ba752167c9c46a786ab41b631f6,0.0,task075
821,464,,392,72,18.860115447773744,38ec9f3fe8fb654ba69cc258a2f163709366d5da6aad62a98a3cec6cb57433f1,-253,cost-neutral,0,True,568,464,,392,72,18.860115447773744,9a4e1faef94042567c95c895b4dd9541d7f9fd69d29352162a553811764f1b34,0.0,task081
989,190,,0,190,19.752975927839515,e050837db177e7d6b2e5ad5c4cd76bcf19e85a0aedf3fc265056d75870d80446,-44,cost-neutral,0,True,945,190,,0,190,19.752975927839515,b4191b786b29de5caec1d0ed62ec7986b498f9c1cf0de26d608a995ff14fc478,0.0,task082
1679,2038,,1797,241,17.38027578621733,d7217e0bb5b86f0ff7eadc683a638b071dfccaf37f8099c59053531ef3d91aa0,-301,cost-neutral,0,True,1378,2038,,1797,241,17.38027578621733,ffcf10f246d1e3045baab3a4f2516386dbf29f12bb6409e82a8360f412ac8d1d,0.0,task084
382,5,,0,5,23.3905620875659,d4830ee432562703ce0e624377faf58bf72b5433e6b4616e8268be0d20a86dc8,-51,cost-neutral,0,True,331,5,,0,5,23.3905620875659,558ab5891781c6ea95bb525d33d12dcae1f2052c26a49aaef2cd8ac7005107d2,0.0,task087
3349,1872,,1791,81,17.465237342962464,4b3fb33cb0edb9f1a94dd71226b12073656e8298f0b43d727cfa8576c0fcad74,-1534,cost-neutral,0,True,1815,1872,,1791,81,17.465237342962464,83b6029a48fb5c2b702fa96e60e5672463f0adcbf668a01a295648355be9109e,0.0,task088
9855,6553,,6375,178,16.212321760960503,e1b6b3880e335bfcd33eba5602959a773b3804596aacaf265349791d531e138a,-4358,cost-neutral,0,True,5497,6553,,6375,178,16.212321760960503,ce0693f98d3b157c326c526cdb28a33bf79f97f5749dbbf45df5f3cf95af1cd6,0.0,task092
587,345,,245,100,19.15645558296864,e3212af213f8b2799ceaa19a24ec62248dfb084bf6216535e58cb6020a2e8f7d,-148,cost-neutral,0,True,439,345,,245,100,19.15645558296864,02d02f66ac7dc4ad9406c1d6f783c7c90c8608dedf344702449465118b747248,0.0,task095
13981,7678,,7260,418,16.053885624439257,0cd8a44505bf98a3ac6396525b017305d4fe361d3dc67e626e0e26f902c4c220,-6606,cost-neutral,0,True,7375,7678,,7260,418,16.053885624439257,0d4b45045800760ff08a9987c9c39cd3645ac2a7e5014f56418a2355c4d4ed02,0.0,task096
3829,910,,0,910,18.186555400489105,e11f658842029acf14bc7f02675371d143c017e0709af40a14889bf685d7340e,-18,cost-neutral,0,True,3811,910,,0,910,18.186555400489105,7ac62fe2cd88d478d324c59eae0c5731dc593f490b831c6a5d27e6a4cc798cdb,0.0,task097
3794,900,,0,900,18.197605236675688,5aad8d8ffb260eb0c90abfb93e28e88c772f7afee8bdf4d318e99c3266a1209c,-37,cost-neutral,0,True,3757,900,,0,900,18.197605236675688,ee13147815974a55d7485292c82ff47bf741df01c589f0cf625a4f54b2ee81d1,0.0,task098
1861,2527,,2414,113,17.165211892611808,22ad045903cba5b5ed2617127a1ed8cf94e637ae0689f7b6253770f78bd8b7b7,-678,cost-neutral,0,True,1183,2527,,2414,113,17.165211892611808,1bc107e94df1e0fcd18b3279d58687ad7ad4f24187021ca6cf951e134572849c,0.0,task102
1177,626,,452,174,18.560649628899903,e1830f3821bacd5471705e7a966cdea81ee40634c2132e856403d4a2f2321448,-155,cost-neutral,0,True,1022,626,,452,174,18.560649628899903,ceafcc71d7516815129445c0f5c2dd1259a18e61fa782c89d9f17a930a3efe85,0.0,task106
1410,300,,0,300,19.2962175253438,4d857e771a6685c81102d5df031017eb54270e27be36ee3bf5387a6b9f375eb1,-11,cost-neutral,0,True,1399,300,,0,300,19.2962175253438,340d76e5e33615bc169747b0cff1998e12f5515e93f35cc2347fd74490f87f32,0.0,task108
499,30,,0,30,21.598802618337846,356a5f1e2200cf2560f6c836ce7d21eca6b6cad9e68015c2ae31639613ef9b09,-112,cost-neutral,0,True,387,30,,0,30,21.598802618337846,e06309dbc8243c6a1560de9a41a0ff6937b11694186632a83071f48a95091007,0.0,task113
479,30,,0,30,21.598802618337846,3f87aab73b8c538752ffb070a34dd07ef95ccba2d299bd7526da67fcf956e1e5,-92,cost-neutral,0,True,387,30,,0,30,21.598802618337846,2bebd0179753231ae0e44c56b35231528f79d8e9f9d0d577f71a597544165c37,0.0,task116
4641,1363,,1243,120,17.782556568303466,488903940d8825d9fa200cf6dce80cd5754aca5b04b4f0e19d65d6c353659a0d,-2273,cost-neutral,0,True,2368,1363,,1243,120,17.782556568303466,66a1392268976401b0191ac8a4c32409d32f0d55f7f92798c9d2e5194c85901d,0.0,task119
3840,910,,0,910,18.186555400489105,eb3ffdb92f73a07885e28c9c854599a7a64da2ae4d978c39abe2506e11201ec2,-29,cost-neutral,0,True,3811,910,,0,910,18.186555400489105,e156b56a546f5e24f015cacebf7eadde417a9944d37eae915ae42498f1909dc0,0.0,task120
3470,810,,0,810,18.302965752333517,9d256b458e31da4423eee2f1c90ac42204a8e573ea622c1b679c25865828eabf,-22,cost-neutral,0,True,3448,810,,0,810,18.302965752333517,9b7f955b0bae792bcd4d4c573f29f9d374ea8120cf3b89e1e6048078f71dcc6e,0.0,task122
4922,1342,,403,939,17.798083682468373,0430094cf07093b3d9c3ca41a4936bc34b8a2f31584711171a369fb1821a2d49,-610,cost-neutral,0,True,4312,1342,,403,939,17.798083682468373,41fd10dcdb9f2acd078dc511266c0edd24a90d3b3ad2271c8dcef5078aefb90e,0.0,task123
2689,1953,,1879,74,17.42287806912332,26b8e6ed0bf7af2854fdb0a212b36b36330a4412f71ab683aa5681c557ac0ab7,-1200,cost-neutral,0,True,1489,1953,,1879,74,17.42287806912332,1b8d2d2bf3df25d3172ea3fe2880d8bfddad9002066fbea1fe28f501504ae215,0.0,task124
1405,3463,,3434,29,16.850109455597575,31e9c6926235af578469115777db7fb3aa2812ed0d683f2edc93558bb6d1a52d,-499,cost-neutral,0,True,906,3463,,3434,29,16.850109455597575,a2eead3f8f867ebb686cbdae49fde17e5e8e341fe2e6c1f1d20d5fb2aea8b446,0.0,task125
1334,605,,590,15,18.59477154196916,9237cc39bcc3eebc6e19bed132bb01c0083932c9323f8dd68f8082fe28f2d5d8,-538,cost-neutral,0,True,796,605,,590,15,18.59477154196916,520c00b2359f8a0bb09a5073addf1853789db6ce90b777a51d3e15df63cac6e3,0.0,task126
752,136,,0,136,20.087345114263947,cf78e3413eb95e5f4c2a3afa871de3440ebf210182829190b7e8c5e6e2ef9a56,-17,cost-neutral,0,True,735,136,,0,136,20.087345114263947,467d6405a30fd7e2a46bb42f255110a5161baa8259213838a63e83108f57cf16,0.0,task128
298,80,,80,0,20.61797336532612,0a5f6e5eabed3dbd3b710c59c3dc4379fb147540f4700b58d5165bc519e4e958,-80,cost-neutral,0,True,218,80,,80,0,20.61797336532612,de8925770375cc0d2d2caf9fb30af1bd63340cd9fc66fa4fba01b81baf83f2dd,0.0,task129
3167,1194,,1159,35,17.91493570604745,4430b1c3c181a69844eedd5545e05d0ce6509471864a0935e98f230f8afec3b5,-1746,cost-neutral,0,True,1421,1194,,1159,35,17.91493570604745,c368da507b9b50b5fb99a68882e32198d6952a05612a1be0f465f1ac9ea6a3dd,0.0,task136
934,904,,765,139,18.193170639607825,b73deb3fe67d3d7c4fea3589637ee4ca48b45493af3aca6e3588d0aee9628899,-298,cost-neutral,0,True,636,904,,765,139,18.193170639607825,990667812e803b877778d5069552da78f798056d658be0556f284f893bded45b,0.0,task139
382,5,,0,5,23.3905620875659,d4830ee432562703ce0e624377faf58bf72b5433e6b4616e8268be0d20a86dc8,-51,cost-neutral,0,True,331,5,,0,5,23.3905620875659,558ab5891781c6ea95bb525d33d12dcae1f2052c26a49aaef2cd8ac7005107d2,0.0,task140
1472,1383,,1281,102,17.76798966833524,78b24d3c4bc848874427e8e31cb50ee4a3c3bc8fbd3ce6b9fe02b3b9999d50b7,-431,cost-neutral,0,True,1041,1383,,1281,102,17.76798966833524,cc3210d42ed6f879faf8b0e0bf3b19dc5ad159c388f99c954c5db8ad668ff584,0.0,task141
2694,837,,591,246,18.270175929510525,c1d1531b12372e17f7fec8ff19b05b78fcd32061efb7dce318a3cd7fc0d1e221,-401,cost-neutral,0,True,2293,837,,591,246,18.270175929510525,91753bf6fab3fc0847673938ec2e794452c33f19037542c7875287b26c4b9caa,0.0,task143
3877,12855,,12744,111,15.53851188030001,2dbfb6f9d5ea294d2e0be0fbfd5fbb2460a1e249de794bd3bb31f95a48b4f883,-1338,cost-neutral,0,True,2539,12855,,12744,111,15.53851188030001,8b9d1a69ae43ade7ca3905486da588ca0e995864de7815d284c48338ba1543d4,0.0,task145
1309,532,,432,100,18.723356510658355,f8c50aeec09138e2867f0b468a7f41db144b8a4a6df6a3889a0a8801a6aa4d2b,-227,cost-neutral,0,True,1082,532,,432,100,18.723356510658355,126aaf9d4f74abf2f88b5c02d42ff65f80b0cfdb436001020b9e2f847df20252,0.0,task147
3790,900,,0,900,18.197605236675688,923f0ee2c55298f44b9f8669305997a4277a7143c4a847c20d536b039d0e163f,-33,cost-neutral,0,True,3757,900,,0,900,18.197605236675688,41cbf9ed049d4ee10867bdfae4cdec54ecf51e80f710152f493a3065de5e1ba2,0.0,task151
3358,1568,,1419,149,17.642443799089648,9d38af3859f9df7b0fcac238d0bc67c549ea995f3cc6eaea41824310b9f84e70,-1445,cost-neutral,0,True,1913,1568,,1419,149,17.642443799089648,2206ee6afbdbca714fe562ab7e692349554e0dd25cd037bce615b4e32405a1b0,0.0,task159
1376,1334,,1164,170,17.804062773524432,4009d245574a3c5628037d425de0c5e9c4bf45e9d091aff99f67916c50eca6c3,-405,cost-neutral,0,True,971,1334,,1164,170,17.804062773524432,7621f0571dc8d800f1e54eafb74d4f7d8af0a1eb5b041b4500d055bb9f89d5ae,0.0,task160
479,30,,0,30,21.598802618337846,250771b94d3db4658d4ac04e3bd9a0740f2af0f3aba0bb9b5df4d6181bb470d4,-92,cost-neutral,0,True,387,30,,0,30,21.598802618337846,dbf6fd169f6df7cf715590b51fc3c9924a6c9dedc612c0982dc73a51c8c4e9ec,0.0,task164
352,24,,0,24,21.821946169652055,5b27fd62c7975ee02404cfb956fcf535d40fba52b6f0b09987d88c744fe4ede8,-31,cost-neutral,0,True,321,24,,0,24,21.821946169652055,810452055a04d596a2bac51d21950f7684de98bca87efd5956bfd299035ce9a5,0.0,task166
1404,1670,,1500,170,17.5794210945892,19de1a4e6be8661d13c9f9103e149355023743e77b5e636ebddd4cd40b84f990,-541,cost-neutral,0,True,863,1670,,1500,170,17.5794210945892,f61c978d60712c0b35849b34c8bd2fce584342c2b8677108e2bc2f760af14a50,0.0,task169
479,30,,0,30,21.598802618337846,aa923630b6479cf1a1f5e7b7bfe2e4947e1c8ba8edba4f31d250b0b2f0c98dde,-92,cost-neutral,0,True,387,30,,0,30,21.598802618337846,8f9ecf6a178324e24ab0b9beb64f8304fb52e5b4e2cc48883bab7ccf12827496,0.0,task172
4073,13383,,13307,76,15.498259476203625,804b575ba69cd27c923f1e2fe031438bd3e3a50ea0725310cea6f4e3584b494e,-458,cost-neutral,0,True,3615,13383,,13307,76,15.498259476203625,179ed3971b7cf327b4c55a05b92dce4c7bc9ac47743c9f9ca3020fbaf6533f26,0.0,task173
5013,1255,,318,937,17.865109148434115,fe7db63dc72861eccfc34b3ebde598caab2df3f5b6007b03a8b7c8b9b44288df,-521,cost-neutral,0,True,4492,1255,,318,937,17.865109148434115,55009b17e34a41dbea93ae44520103c45943d3a876dfab37699a62540c3de19e,0.0,task175
4598,762,,702,60,18.364053444313353,66e61c74de60b59862917174af88c27556867a02d2fde541244f71c6f2812294,-2392,cost-neutral,0,True,2206,762,,702,60,18.364053444313353,25c4b3926e8e08e5b6b35b949d45e36f033d6cdbee32fe44a6a833a31358cf04,0.0,task178
170,0,,0,0,25.0,bde695a21a93b9e2084a9b7e8a8bee5f2cdc694baa71a12d1c34ae921a89cb87,-31,cost-neutral,0,True,139,0,,0,0,25.0,ff7cd0abc185f4f50464e763a535c303ef0bdf6a7a2e0cdec5110145deee543f,0.0,task179
1110,210,,0,210,19.65289246928253,40910c472a459cc9c5bb649650df59db214116c5b2f43029040bd721b00c8ac3,-42,cost-neutral,0,True,1068,210,,0,210,19.65289246928253,71c01cc40b09bdfa3be0e3189aa521795a74147d06a5d29130e5f231c7956253,0.0,task180
2291,368,,201,167,19.09191706183107,eaebe82c3c33be788434a1f3c0fac14f5410d1ca8255ba6e9c33d779e7902f8b,-459,cost-neutral,0,True,1832,368,,201,167,19.09191706183107,6bfb0b2cab4013e58c687483a89018c173c1a0c17ebf7dbc8a4f1fa4c2d1e114,0.0,task181
602,103,,80,23,20.365271011770364,3d138ea3d8b3c6443573278009cc3169d10ea4160442e664e3d538ea908cc034,-168,cost-neutral,0,True,434,103,,80,23,20.365271011770364,bab881a6877fdb50fd1b6d9a90189b77b837678eb87a5ea79165820bee08dad4,0.0,task186
745,949,,900,49,18.14459120139007,a92b0a7856fd6bb7a78a37bae87ca34056df87dc129ed8007a23bd6f7def1829,-174,cost-neutral,0,True,571,949,,900,49,18.14459120139007,005eb62a21b0b4e0edb0ce052331a6bec0a492a51309bdba9c4e966ec5438f44,0.0,task194
1248,921,,882,39,18.174539963744692,48e90bb143d40d4f9087a6671445bf1ce8b9f746c9f643336c0329c29ea54cf4,-389,cost-neutral,0,True,859,921,,882,39,18.174539963744692,5241852d285c2b33f55fae3b1253ac57427e74c4e8f6bf41016d5fffd5e87e69,0.0,task195
986,1141,,1100,41,17.960339650137925,e94a2c2eca6e44ccd61e711fd1c3f5ca7fe58ee944b306e9e723d8c4143b888c,-271,cost-neutral,0,True,715,1141,,1100,41,17.960339650137925,148d47b61d91f9f460b2af680ca265c525bd4988f517d27636062db8ac2c4e5c,0.0,task197
520,355,,352,3,19.127882210524582,30fac90ee11cfd61f56c78078cc9ba228dfc6349f833c611e4361662e16884c1,-72,cost-neutral,0,True,448,355,,352,3,19.127882210524582,efe5609e334c3831c278050893fe050a99615a107175f11f544468643950c061,0.0,task203
3633,10232,,9780,452,15.76672465674132,3e40e163b7c87aa188dceb4b737315b0dccb6527f0d5a9d910247f3226df8729,-907,cost-neutral,0,True,2726,10232,,9780,452,15.76672465674132,74427611bc243a63490d3bedfffbcaff909ba92376ce5b2d38245f112336af5f,0.0,task204
1400,236,,192,44,19.53616819497439,2920def49433195fdd7bb263c4962c07ad72e80ab43303d8c1cb19b6d3b462d3,-631,cost-neutral,0,True,769,236,,192,44,19.53616819497439,0955f179bc6433aed5b729aabfc40e3ef19a7a6e169ee7dab612996d86ce628e,0.0,task207
479,30,,0,30,21.598802618337846,aa923630b6479cf1a1f5e7b7bfe2e4947e1c8ba8edba4f31d250b0b2f0c98dde,-92,cost-neutral,0,True,387,30,,0,30,21.598802618337846,8f9ecf6a178324e24ab0b9beb64f8304fb52e5b4e2cc48883bab7ccf12827496,0.0,task210
5128,1850,,1802,48,17.477059081927628,405d977bfebe2eafc28fdeff699190d4a3c7f189903239d0ae5f7bbe89ddfabd,-2894,cost-neutral,0,True,2234,1850,,1802,48,17.477059081927628,a04ac61b8a70462e47f3f257595d6145e39fb14ba3ee77ab9204f32bc264caed,0.0,task213
974,525,,402,123,18.736601737408378,23ce054bc1ed253b92154433cd52e6d042f0390a09d2b2f8f83beb50d9fa36bb,-2,cost-neutral,0,True,972,525,,402,123,18.736601737408378,12fa821bea3b210f7d840e5ddcc6e3aed8738b0f7cb8f6664d265043f988740b,0.0,task214
1049,1470,,1429,41,17.70698232022722,6f702690e2769bff117871d891c2ac5e79d2b017f0cb48ba289a20b3f6c472a7,-364,cost-neutral,0,True,685,1470,,1429,41,17.70698232022722,96570d447b05fce89c1e99444b52870767d57cfed8332de464049d4b8526ffbd,0.0,task217
3128,649,,552,97,18.52456728329591,a4cde54ca4e186335a232eabd890b72aa610de03fb04d38671b86178156a401c,-1805,cost-neutral,0,True,1323,649,,552,97,18.52456728329591,45983743fb08795999536a97e3735e690530b638966fe54425fd4546bddf5822,0.0,task218
3577,805,,451,354,18.309157722581435,527a22df4e93f511f99ed3a1e79693dd41c2de4bab082b6f2b8a40c4c351ac12,-1230,cost-neutral,0,True,2347,805,,451,354,18.309157722581435,2881e21106a38efcf00bb1ddac1bfae82562dac1120c091b1bb314f441201e6f,0.0,task221
214,5,,0,5,23.3905620875659,60fda0ff702e8a5c46707c1c7dfe15dc3098bb09bca8b068aaa7975c7571eaa8,-8,cost-neutral,0,True,206,5,,0,5,23.3905620875659,00a617ccb8a31361233afce56795f4ed34aadd754c584c8dc0d9d19a2cf7cb42,0.0,task223
1979,1534,,1513,21,17.664366018072798,77e1c631c2b9911bc62588db803675cc349c7714f5e95fa8549b6f75dbd1447a,-612,cost-neutral,0,True,1367,1534,,1513,21,17.664366018072798,6b97a7bebca7422209b00c471ff11ecdafd241b4211da08c73acd096321ca6e9,0.0,task226
605,100,,0,100,20.394829814011906,113f4b3691bae39ba3980f33919033cb0e46c4c63a14096fd98923cdf95b49d1,-14,cost-neutral,0,True,591,100,,0,100,20.394829814011906,a2d8125281b26b3ee5b225a646b19d8de4253df06f85d81e4209e3f09a611677,0.0,task227
4005,962,,849,113,18.130985549334294,67f44b066a41ed23bdcc1731ffa64dfef0f83e7d96d168efa7ff6c885cc1cca4,-1814,cost-neutral,0,True,2191,962,,849,113,18.130985549334294,acaabb120a72af54205411a3373bd9ce1ca2689f3f5342fcd3c9ab28ce1b92d1,0.0,task228
3775,900,,0,900,18.197605236675688,264f6d16a7028d7a07c0ed29e2018e0786f390f4d6cb69c04aeede59566aed4a,-18,cost-neutral,0,True,3757,900,,0,900,18.197605236675688,68984b3a863b6a684879fcc17c9665a8603cb08e772496671b7e23950cb6d505,0.0,task230
760,219,,180,39,19.6109282701835,72f3e66fb7aa0f15a80deaae017c5c779feb83462ab94eb1acae20afcfdc1f36,-207,cost-neutral,0,True,553,219,,180,39,19.6109282701835,ec51ece9771f09d345f0d882b09298cd4d57d874e4e22c5df460adc65479d11b,0.0,task231
5840,1410,,0,1410,17.748655016627787,c9080306bbd1480dd44632366298265f141732323a7ec95175626cd70d7baa74,-29,cost-neutral,0,True,5811,1410,,0,1410,17.748655016627787,40514da7bb868b1ce38c1f9df6c9fce57e54469dc14b58c644b6a4234dc410b5,0.0,task232
587,126,,96,30,20.163718093048523,b422d6b5c34a300040bd2268aef0d31544cd33ec7c4a233438e9c0f6b598d9d1,-137,cost-neutral,0,True,450,126,,96,30,20.163718093048523,988e41f1944ccd8773e95e687f0e1833e2572884cdb1750cc982d3051a961667,0.0,task236
1462,947,,897,50,18.146700906813923,5aef7de15bffce5dcaab902e6e3673ad0e189c4aaed1884a82d715c311d144d8,-579,cost-neutral,0,True,883,947,,897,50,18.146700906813923,5baa549e59d11c422659ec2eae777604df1d0788f6c41ef28aee18391797a724,0.0,task239
170,0,,0,0,25.0,bde695a21a93b9e2084a9b7e8a8bee5f2cdc694baa71a12d1c34ae921a89cb87,-31,cost-neutral,0,True,139,0,,0,0,25.0,ff7cd0abc185f4f50464e763a535c303ef0bdf6a7a2e0cdec5110145deee543f,0.0,task241
1055,431,,372,59,18.933891909896253,448bf02185eea15fbfb56c072b53f73900df8dd52d35e8c8261be4793653e368,-265,cost-neutral,0,True,790,431,,372,59,18.933891909896253,f13624b03dce631876242d442cbf86aaf7be79a9017d55a2d98266969476c82e,0.0,task242
3861,1179,,1076,103,17.92757809946263,ca15d4783ce69a2bac0c5457bba5638f16162968b91b387f218e7d0a565d4566,-1609,cost-neutral,0,True,2252,1179,,1076,103,17.92757809946263,8c0e0c868c47962b1c3d2bda0e9cfd831ff0b6d451509a5969b5e8db30153e79,0.0,task244
723,151,,122,29,19.982720163185075,6a001ce01217f4e505777fb369eb36ec242ffdc413030285fdb28dc76479d892,-250,cost-neutral,0,True,473,151,,122,29,19.982720163185075,7a59b33096ea8b2c35e214222bb63b65ea53496b656fc52b1393d54afcd3b988,0.0,task248
702,261,,168,93,19.435479592677307,402c1c8b60d27dcad03bb2270b92fc42f4f8677588bd32ef179c9306aa5ef0f6,-54,cost-neutral,0,True,648,261,,168,93,19.435479592677307,f675f0b4d4012c0434971ea477419920a1b3af70c6b0281eaf339ffc60cd9173,0.0,task249
989,687,,650,37,18.467665707777652,f0c7e763ebbfa6bd3f8d24eb82843fd6d6d6a907cf3874e8c0c60a42b7acfa62,-245,cost-neutral,0,True,744,687,,650,37,18.467665707777652,f1fe6bce68ff39f46b7df89e4e3b69d2e95280de6ac05bd21d52cb384cd806ad,0.0,task254
972,200,,0,200,19.701682633451963,74bd37366fbe6aad7394a8e6bc56db34b57c5acf8855a6563520b6c6ac7bf8a6,-15,cost-neutral,0,True,957,200,,0,200,19.701682633451963,a42e29feca21e188019a2e7b386501a0fba6ed214096aa910c1c177be226744a,0.0,task261
596,106,,90,16,20.336560905887932,ecd97595634bd47fa23b516f430a9effce39d3ff850f3602b160d77f7ed37ee0,-136,cost-neutral,0,True,460,106,,90,16,20.336560905887932,ea6c44a6cc6922b575b8e12caf2404eb7f605479e268ed290d2d992381f29d9e,0.0,task262
4176,670,,554,116,18.49272228761499,d6ab17ba68580d5d6013ace673e487b630880281ff5fd0fe0117150763c5e0ac,-1331,cost-neutral,0,True,2845,670,,554,116,18.49272228761499,057483b3bcdd6d62aed90a3cd7becce093431ea260609abe21d46b9398e5dca8,0.0,task263
1246,4357,,4325,32,16.620460973882558,179c49a9c822e096f82734c60369b9d8143b5b0e095f977263f65abf77d79aa6,-495,cost-neutral,0,True,751,4357,,4325,32,16.620460973882558,d8b01e31f5b40239fda5362b34c321e811469c735bfd6a8cceb6475620dfc2f9,0.0,task265
1619,709,,685,24,18.436144473467873,83610e0c56cb310b92749d325a20686510a86801edc2945be91895f47452b2fd,-553,cost-neutral,0,True,1066,709,,685,24,18.436144473467873,5fbb7ac8d0817406841d8d587537cea677e26de9ce02444e789730f2d091f6f3,0.0,task269
1623,1187,,1141,46,17.92081560539033,7421c21c0b38642b544ee56b1583efe0920c27d9393a54e6855d4e5cbf5a1979,-704,cost-neutral,0,True,919,1187,,1141,46,17.92081560539033,b06be9e6ad69ccadf0d25c109d085202350e7a9179d8b3353b387937cb71bd78,0.0,task271
1183,175,,138,37,19.835214026076486,46766215d780f29693964204ee3c59ca1dccb727b195afc1186a5621513ff43d,-47,cost-neutral,0,True,1136,175,,138,37,19.835214026076486,2ed21847b7015ef56e788e886b3f0c1593de3e33ae02f0e2c0b6f8b27a2b3248,0.0,task274
698,446,,407,39,18.899681047979936,71f0dde46f0325c9b51eb1e9f10077f0a9f6ea3bc91e18f4c02fe74ffbfb7942,-140,cost-neutral,0,True,558,446,,407,39,18.899681047979936,dec716482b6968371deb68935e771995edb9c30aad15b393fa35c7b862492b74,0.0,task282
1238,742,,618,124,18.39065075683262,051f671b58ac19149c4c5c43f6e710517f2530e09aeadea7ab3b33d7dbb5d41a,-354,cost-neutral,0,True,884,742,,618,124,18.39065075683262,cd2ebec7a9b042fb71508078f8bfb7040bd04dbb1de7a02929c2bef2499b866a,0.0,task289
1371,1604,,1557,47,17.61974421157354,72e9f5dee7a057e245199bb5f3aec7ef1f30ace1130fc3602745ba317068ba5b,-485,cost-neutral,0,True,886,1604,,1557,47,17.61974421157354,940b14f3c26a4457ba6759bc636c7f2a0464f9916770f37bfdfc0c8905493a97,0.0,task295
2424,1389,,1350,39,17.763660657245655,b8b0f29df0055e36fd76a4ec5b66ab511297a84fa86c42db555676ebe312e04a,-927,cost-neutral,0,True,1497,1389,,1350,39,17.763660657245655,c8de065f57ffba918c8c0f80b18759560bd241f592026b447c733a5995b9be5c,0.0,task297
396,135,,120,15,20.09472522156157,cb1fe3c729a0c45639b73d21310c33c9f8bb7ed6beebd48151601acf11ee1d65,-69,cost-neutral,0,True,327,135,,120,15,20.09472522156157,3f97e845756e47e5395f66f32833a05264168d5abf6c05343d4f3df2d8ad0415,0.0,task298
473,50,,0,50,21.087976994571854,63937e8cccb8a0981bf1e4606b6807083bfab548f949e29a4243abf836467c24,-62,cost-neutral,0,True,411,50,,0,50,21.087976994571854,a376fafe6e725835010b475a37d300343e4dc841b5806273b06f66f1ddc21d6e,0.0,task299
2061,1141,,1077,64,17.960339650137925,5cbf98f6d33c2a080e6c00f6ff806e2907757abfe5282aa106ad0d34e95bff18,-1073,cost-neutral,0,True,988,1141,,1077,64,17.960339650137925,269a9fe8be934ff439ad1313dd133b85b906c69bc3e686603a12b5eebe51fca0,0.0,task301
1530,1774,,1216,558,17.519007837130474,658ece7fa00a67d9339dc9fec84b7a9fb9152c41100f810d0c85e2fd84e9d3cd,-361,cost-neutral,0,True,1169,1774,,1216,558,17.519007837130474,ab17dcdbfa152fb41ccab481545f6721323e8fbe43a34ee0e4f9f4c0955f280d,0.0,task302
823,1450,,1428,22,17.72068116458538,b555c306a0b4feafda9d1e371fb39c7940546555153c4973f416b6a42541a3a9,-58,cost-neutral,0,True,765,1450,,1428,22,17.72068116458538,16a645bc5b26ec153b047ed2100f2783f01ccaca81334de9445528d768ec8bb1,0.0,task303
3251,636,,296,340,18.544801436659878,52407df10596663f64b88d9a4a4aea2a4bfbf0078de38816663ed344165e3bbf,-199,cost-neutral,0,True,3052,636,,296,340,18.544801436659878,f05020f2f5847fbcbbd031735128f2b50c47e48d1b03181cb61e74219a94a6b5,0.0,task305
1498,300,,0,300,19.2962175253438,874cc107c1dd7d3ac12c2007c036a6138427308708a87ba639a8697740e8ef8b,-16,cost-neutral,0,True,1482,300,,0,300,19.2962175253438,c042351c45cf25d76d9c7ee612c397037fdfdff524a7fa8df874f0585633cfb1,0.0,task306
4906,1468,,1365,103,17.708343790825538,c14616b94480b76ef56878728f581798e416e1f980a206d3cdcc0cebb17eefdd,-2605,cost-neutral,0,True,2301,1468,,1365,103,17.708343790825538,6e2a1eda828f96b14c60baafeb6d872937eacc045ee0e66a32add8247c2f76c0,0.0,task308
479,30,,0,30,21.598802618337846,250771b94d3db4658d4ac04e3bd9a0740f2af0f3aba0bb9b5df4d6181bb470d4,-92,cost-neutral,0,True,387,30,,0,30,21.598802618337846,dbf6fd169f6df7cf715590b51fc3c9924a6c9dedc612c0982dc73a51c8c4e9ec,0.0,task311
271,20,,0,20,22.00426772644601,e34e78a1f9514b4d1cbcbc936a665ca33aa4d02902b47fb0208e24a9f9d4d035,-2,cost-neutral,0,True,269,20,,0,20,22.00426772644601,241c0cbe53abfac8a00a9f0129a9c46f4399586fc0d983cae873607ddd24d810,0.0,task312
1101,188,,0,188,19.76355803717005,f98be2a31581fdf5ff564bc37132a61f16743be0decdd7363906f42904d1e16e,-82,cost-neutral,0,True,1019,188,,0,188,19.76355803717005,647a874ed19250351c6dc9ee80c25b81d0b87d157090be67eb04cba515a1d07b,0.0,task313
625,100,,0,100,20.394829814011906,91294db3a76db1cf55efd0eeb6e6c475503684a7d282ec1b5611be5a48729242,-20,cost-neutral,0,True,605,100,,0,100,20.394829814011906,c29ca07cde5f3e7e05c4b7d26a733b9c420c906b2d43faa51d71a4b170a12f2a,0.0,task314
1293,230,,0,230,19.561920691076804,c949139725d6492da4802002e4608ce88f9bf8290d32c211dbf8e024a911102e,-114,cost-neutral,0,True,1179,230,,0,230,19.561920691076804,ee14d824a80ea837b24c587deb9220952529b3de8533a5cf7305e871a92756b0,0.0,task315
1160,426,,388,38,18.94556065373063,87169a9c1976a26df16f68a281f53df41e14cbd27a145dd57b94f56f84aba43c,-421,cost-neutral,0,True,739,426,,388,38,18.94556065373063,26b7634d6afefc342331770905f6367cea81fcdfd0a716ac43fc681711926e43,0.0,task316
697,146,,128,18,20.016393378291664,6991c5597b423cf499a1146d43afa75e88d396b2c8d1d6efd3539e81e149235b,-116,cost-neutral,0,True,581,146,,128,18,20.016393378291664,f763cf6d3cced02474305e36ed3671d0b4bb2163ff81c8d707dc48fbdb4484df,0.0,task317
605,100,,0,100,20.394829814011906,0bfa37796a89ad38a7655d8e98dbb256aba81674632133fbae9b8b9a137c49fe,-14,cost-neutral,0,True,591,100,,0,100,20.394829814011906,d78179e74156a184a255f2e2c5e047358e9dce7dfc42c99a30b80cd19481a2bc,0.0,task318
2977,770,,448,322,18.35360948515227,793240b0b28b488a072581924ed92941f63c177edf092ed931a5f525b0eb0a74,-186,cost-neutral,0,True,2791,770,,448,322,18.35360948515227,6db46bd0d7c12ed06351ed6cc06430ed727dcbb558e6cec8a0421917f9f89aff,0.0,task320
5208,1483,,517,966,17.698177657862068,29ed2ee7660cc14f9dff2f4271c852a87091e6b7fb18e706aba4ce5206d8fec3,-152,cost-neutral,0,True,5056,1483,,517,966,17.698177657862068,c85517d251908f23ea171a59cf5e1c16872ccff1f845d908cf6649aa7568c13b,0.0,task325
314,30,,0,30,21.598802618337846,5e386d31e01e3f7cbf3fd025115ebf3d82c20522e73941921053e5cb8bb1778c,-27,cost-neutral,0,True,287,30,,0,30,21.598802618337846,dfc75c5a68eeda8334916a746f48e6e53704e4b02cba8dc57c52b1463a0218d8,0.0,task326
1068,1050,,1021,29,18.04345455684843,02dd5cdee77f7ecc1b20a46e6dec17a2e8404b6dc7b8fd59d7c8c8f69d2e7b78,-450,cost-neutral,0,True,618,1050,,1021,29,18.04345455684843,6fbcce30e04cd27a437f8452d989c35c42f6936ab8077fb869ee2c81cf4f8546,0.0,task329
5565,1820,,764,1056,17.493408219929158,8cffed4ad33ff1d68d4750b91ab147cbbf6d0ed96755ffa405c9c255ef1372c9,-551,cost-neutral,0,True,5014,1820,,764,1056,17.493408219929158,b1caab130194a78085f17e3a5d598b75469dcaf7c5aa22d008682328130c3ae9,0.0,task336
159,10,,0,10,22.697414907005953,c276f5799bf0f2f77bbc0c31f5ed97472afbff9a946326286e229929029e2484,-4,cost-neutral,0,True,155,10,,0,10,22.697414907005953,02fc1efd25cdf392c06813ad5a89a86aaa435f22eda4137a0662002ee0bd2490,0.0,task337
699,140,,40,100,20.058357577390694,829550bb68159f8fe1ce13645b1bdd74c87d8d8f54fd3b3b9755ba1f7bf7ae92,-29,cost-neutral,0,True,670,140,,40,100,20.058357577390694,b9a77e8c48a581aba020f700303cca5a767a04d9b59ad9b24c949e0f15872f95,0.0,task339
2472,1495,,1431,64,17.690118514175214,e890ad707fae08730ed1411af9e3da53e716328922ce416631d253632731dd96,-1186,cost-neutral,0,True,1286,1495,,1431,64,17.690118514175214,10c323528b4c0b1a8dd77dd06996c57238fd7342a0547e75b1563a0044acac84,0.0,task345
2850,1254,,1224,30,17.865906278807135,2ebe6886be6c07f72bea7a3b614b2b979768cbbd99edef242d71c86d88af478a,-1154,cost-neutral,0,True,1696,1254,,1224,30,17.865906278807135,67f1c009097b34a8d8312021fe0bf255003a382d0413e42236a269c053e0867f,0.0,task346
2664,14892,,13710,1182,15.391420565007392,f7ad5e72db458e26eadd854f4a334b40a15c5374cabd9a0b8b8254bceab71999,-644,cost-neutral,0,True,2020,14892,,13710,1182,15.391420565007392,307b0f4a15204d115c917eb1b45955d1ff78a335022b0e0a5fcd0748990a7739,0.0,task349
990,1229,,1200,29,17.886043890433967,91d5bee2ae4736b4512997b694aeea1262276bea276f76c91e520ed4e9a31cf8,-213,cost-neutral,0,True,777,1229,,1200,29,17.886043890433967,f6c26211e2eb26b24bd5bb98afc8f7fdd30ba725a6fb4a2c84fb09a0fd6e3e1b,0.0,task351
2092,460,,0,460,18.86877351051686,7e1e11e49412d1b5c391f3bb4df9c5a93f1e826c787aac857f91ceac745a4d17,-67,cost-neutral,0,True,2025,460,,0,460,18.86877351051686,7ccae1dd239462641473dcf5f0ec4f92d412f733d19466d9564d8633cffe1f19,0.0,task352
1438,244,,182,62,19.5028317747068,aca31888d6a834f7b63c41dc1e48addce3f44ca64537d5351f9ba073bc41b18b,-137,cost-neutral,0,True,1301,244,,182,62,19.5028317747068,73d840d63fc3094315ab7e8f1796bc23fd29c84a6383abc780c150b86046189f,0.0,task353
926,291,,258,33,19.326676732828506,aa2e6a783ee448c5920f430044b4d60e7f1b24865562c676d93c8c3237168058,-366,cost-neutral,0,True,560,291,,258,33,19.326676732828506,8e00d2758225c6d331e85f217f290879a563aa249f3eaa4e9b4a979b610b0dd2,0.0,task357
1634,340,,0,340,19.17105438238979,8ef438c032e15f0701ca184a2995915bbd4d03bad58d1568bc136043ee4dd6e8,-66,cost-neutral,0,True,1568,340,,0,340,19.17105438238979,417794e858e61ce3648c7f364d6562850b19cd00b7716f4d634c03fa69c1a5ad,0.0,task360
1825,521,,408,113,18.744249958246634,b8dee60f7de2d1db2e86ca11973e26c3d298c74384cc798cba5bff359d29c3a8,-758,cost-neutral,0,True,1067,521,,408,113,18.744249958246634,2b59df4d5c2f8db5748f41d377c59c20a9782749ada5473b82d76a36cf6fed46,0.0,task362
1395,467,,376,91,18.853670742331104,62e99f09826f2b72f91711dcce6d933dd39081ce76ecee738a6ddb61758b71b0,-334,cost-neutral,0,True,1061,467,,376,91,18.853670742331104,06d2eb53007ac254345adaa02447eba1b90bc005106499eb0a5dbc3dec95cab3,0.0,task371
3057,710,,0,710,18.43473502996464,e80771f0f7b8440f457c8ac7423250344ab4f757b18ce148c1bd5644377fc21a,-23,cost-neutral,0,True,3034,710,,0,710,18.43473502996464,1620f4ae9c90ccad88aeaf3be9ffa0e81c6eda8414bf3a52640ebefab52b2a88,0.0,task372
1256,327,,119,208,19.210039829102747,1b34802c6ab4d672b625bc4774b1fb890f7567237ce6d55ac990e6ee8a597cfb,-38,cost-neutral,0,True,1218,327,,119,208,19.210039829102747,19646665ebfbb2339b9c68a0f7d80b21bbd3398d5f075ee589faa60c267ccfc8,0.0,task375
777,186,,144,42,19.774253326286797,14506879a045351038068a19c160ca2ebfc57213fa8ad2412935be9b47244eca,-222,cost-neutral,0,True,555,186,,144,42,19.774253326286797,7da80fa201b92d3bb6ff87942a1e79926ace1543c93795b4c7b72a365ddf938d,0.0,task376
616,99,,0,99,20.40488014986541,d7e7210306b713a5974c74d3f8ab4da6d918fb601bf1314d3d8847f23aa6b364,-29,cost-neutral,0,True,587,99,,0,99,20.40488014986541,df6bf0555bcb972a55df783075e01a98453854fa84d27f9bab00c145ed276268,0.0,task380
814,211,,180,31,19.648141866523932,454df939c0621578a2dcd658c41a6909950c13edd425233bc68711b54b1d7422,-232,cost-neutral,0,True,582,211,,180,31,19.648141866523932,fe13219e71737937936d3b88b15cb948b70bdc8f729ed26e549ca8b52e18b133,0.0,task386
679,159,,135,24,19.93109579777977,144417a5fb4f406933f3a8329f67d13d468a16fa63f2f11a12a6d8ce702ff418,-61,cost-neutral,0,True,618,159,,135,24,19.93109579777977,f4a57e3178cfae631f711d95fecd00fa201cd55e3aad82ed2232f5030b5cc47c,0.0,task391
494,144,,125,19,20.030186700424,0d7cf65ca49df24ae80432bfa604bea6eb1b6153d6bb8452fc12636c486c4bf6,-8,cost-neutral,0,True,486,144,,125,19,20.030186700424,0355a1d585ce23772e5bc2e9ed5eee65ed4630d19b986c1167cce8c05c585880,0.0,task393
819,165,,144,21,19.89405452609942,591fe66edc5027b4b5451d5af6d72e82fbd3ac2b9fc3a9143f04b2d9cea38b88,-244,cost-neutral,0,True,575,165,,144,21,19.89405452609942,4137e52800298d44c57f6eee70fa23a1bfbde4400ec438b44221f3d17ecfc15d,0.0,task395
534,60,,31,29,20.9056554377779,45353156c29ca2d704a43a8943687d3a6328af035d902edb07680f3bbce93684,-91,cost-neutral,0,True,443,60,,31,29,20.9056554377779,4c39795ecaacfa8d9c1180bba7365bf3e038378713cf3361fd126ec0ba3e573f,0.0,task399
735,1181,,1172,9,17.92588318380264,74bb526e867fa4243fab3aed44e15c060cbf5455badadcadcc6cf79f98a5e195,-128,cost-neutral,0,True,607,1181,,1172,9,17.92588318380264,db228233b206bd8f7ec4b6b51c215057bb50aaec33a5cc0dc570a1f505d8275b,0.0,task400
12620,15790,,15285,505,15.332867892750313,71f5e0811c117de003029310efe474b0c5152e1b43a750736c3fe235e224b4a3,-5499,cost-negative,2,True,7121,15792,,15285,507,15.332741238326737,0812f780e07c64c0e0a1ed1525bb17f1c82b624a68f7fa83f2186f09a29d64a2,-0.00012665442357651102,task187
5216,4887,,4635,252,16.505666102729847,7930e3962bbbb169e17d22e30114d35fe6bf44db37814fcdf2a44162c107939e,-2590,cost-negative,1,True,2626,4888,,4635,253,16.505461499148566,18cd614b01b66f3c98ba8f1bab95a77f98ed158fa01f444ac431c9f2ece3efb0,-0.00020460358128104872,task148
6229,6453,,4749,1704,16.22769958206416,611d383bff27797717269b900f3b84ea496ccc1f52e10daeaee74bc890b37d7a,-913,cost-negative,2,True,5316,6455,,4749,1706,16.227389696719257,726a034aca174671567c27854ed79f5237d909f93dc8d84731901bd395a1655c,-0.0003098853449046146,task017
1227,4536,,4500,36,16.580199154592414,b5cbc3bbb1b76f5bde36015b01705b96383632a2abe0b81c3f7b1953b390bc06,-185,cost-negative,2,True,1042,4538,,4500,38,16.579758334660212,ecc2b90ad49388796851cc936d935763eb239db829951d45cc12b6b75290a5dc,-0.00044081993220146387,task196
4795,1768,,1616,152,17.52239575680241,7e9cf731688593d892fa3e46deb55296b49b4ca156a49e5a1af41549fcb8f91a,-1795,cost-negative,1,True,3000,1769,,1616,153,17.521830305840215,4b5f691e0ed80a6b2b5cdc627f0c8892ac46fd424f554351b446117d9d0ad0f9,-0.0005654509621955128,task112
2135,6095,,6024,71,16.28477595808463,d52fe5f210be17ee30353ed473d10acfc60bcff05936bbb1f6dfc9d3aa604217,-425,cost-negative,4,True,1710,6099,,6024,75,16.284119897703544,92ebcf4f50a7c0204d291f9f917fc309a300fb92a04fd5f828dbec7e243598ee,-0.000656060381086121,task182
6738,11082,,11009,73,15.686922550572705,c288ca90e68559397d455a0afa52210b3b21685ac3d792339dcf85725d823380,-2381,cost-negative,8,True,4357,11090,,11009,81,15.686200919655587,f2982fa1480b871b6cb45e8817ccd2fef48e075b51b975d5e937edeef30459a8,-0.0007216309171180768,task191
17654,8222,,8083,139,15.985431232542176,8579fe77932cd6fc6d0739d167bd55bfdbe66154d18fe7c73d32736324982b33,-8684,cost-negative,6,True,8970,8228,,8083,145,15.984701749227153,98f9577e9eecea9dde161c8d2cefb11d784b0c9fdbc8954ccb978af6b46b1a83,-0.000729483315023316,task023
875,3849,,3825,24,16.744431346716254,1dce119c54e7b1968a46a6d8ef8e6ef0957d7bb1fa78d57c57f9ba5ded39e600,-83,cost-negative,3,True,792,3852,,3825,27,16.743652227081984,75e94ca13cf31a6e76399d7b95eba6374beaa729307a184c4e8e8e500ab97e75,-0.0007791196342701312,task050
6635,6739,,6585,154,16.184333175053784,ad3b8a7ebbebaaaa65548d3e085ebd6936f24e0366447b8628cbb1c3fbd209f3,-3528,cost-negative,6,True,3107,6745,,6585,160,16.183443231358144,c7dbdc4643efd1b95aada4a5029b5f5ecf9478c4ba6af6ad649dedb2b0e88612,-0.0008899436956397722,task089
2908,2237,,2096,141,17.28710903850987,c81135be4a029d0baee760c6f2794dd3d9e2a0066f9f6286b41415dd9e015f46,-1052,cost-negative,2,True,1856,2239,,2096,143,17.286215383401245,982dca9f4d7a99468ef50566f398e5286502a443527446e8f311beb66a3adcd1,-0.0008936551086229372,task168
111759,26909,,26064,845,14.799783917876258,ceafce58bfa44bf34800a994ae174a2364ea977310fb967ad145ed534489475a,-29459,cost-negative,25,True,82300,26934,,26084,850,14.798855291990012,9cc68b7c637b5a684c6a0e62bdb08321e225f4517e72fad6211aabe70d0c124a,-0.0009286258862459817,task286
1931,2039,,1920,119,17.379785229425543,3360dec3ae934908e4541d9649feaaa26123161342a4243b0942c952199a96ef,-633,cost-negative,2,True,1298,2041,,1920,121,17.378804837190156,7e017876bd2d8c4a93b425b7f4c17b7f26e546368be95b0803b03aaad8a03d66,-0.0009803922353874839,task184
1354,1787,,1730,57,17.511706484840573,9fb1e714e20f32f128f2e0d784592ded91f0fa89645787d11e687c65bff6a0eb,-381,cost-negative,2,True,973,1789,,1730,59,17.510587916491282,ab3ef507a59658f51867b3ef91e53ab2bb87f3270cf365a06719335de02d8545,-0.001118568349291138,task041
10415,13695,,12881,814,15.475213918302822,f1feae5c9124835d70bf2b34ed93d7ab26b41ce4ae35b426a489e48b0f1275bb,-111,cost-negative,16,True,10304,13711,,12897,814,15.474046290643345,fe5a64e850700f6c36228b2e4cd7424b746dab50f51f5a31fd51e69d97d97b8a,-0.0011676276594769774,task101
3129,6296,,6173,123,16.25233020990276,c8eb6c14f09369a1f122333844c27925425733669f82c26c16aca05b3d481db5,-94,cost-negative,8,True,3035,6304,,6181,123,16.251060368462284,282e6d5a0ae937f75a2860196373ffdd996a77c18e1f59ade751f466de4b1fdf,-0.0012698414404752612,task328
3522,1427,,1394,33,17.736670382523165,f831542d7c6e6abdf452ed4b69e4daa240484dc92a75c6a96d153a1e006a370b,-1159,cost-negative,2,True,2363,1429,,1394,35,17.735269822070133,a6826c7bfb36b965de1d01b61acd8046b4fc89eb4dde187f842a883148462886,-0.0014005604530318294,task341
1971,1308,,1262,46,17.823745467982857,30e7fa87454ff24fca70334e11d75c801f4803ddeecd59dde50802169e6b27ff,-820,cost-negative,2,True,1151,1310,,1262,48,17.822217583804804,cfadf1ef5fc896e2ae93bba5e9aa1bae6a7118dd6136f9024421c6d060b9118d,-0.0015278841780528296,task027
6699,7769,,7502,267,16.04210326504958,18e878e1d14e0ca3ff4c747cc3732f19516ca8ea573ed523c0d528865b2331e1,-690,cost-negative,12,True,6009,7781,,7508,273,16.04055985638307,e78539c2dfe43fef0b056cd7d2e22b1616ba0485d152cce65b32bd3c37e7662e,-0.0015434086665102598,task209
2111,5546,,5508,38,16.37916777382428,76714fa86563f1416f780f38804d26f1cc2485a23b266dbc1e10af57c360e22c,-671,cost-negative,9,True,1440,5555,,5508,47,16.37754629792627,4dc0e17e3f68582f4c08d061d303a18fb8c4f86b7389dd54707183bd0148af90,-0.0016214758980090949,task279
14008,3052,,2970,82,16.976447607595652,f204226ad34f4318da9c0cac39d3f74954746a952d7f047021e12f19ef8ead25,-2884,cost-negative,6,True,11124,3058,,2976,82,16.97448361351099,8e3b8c15cdf38898f457f1245a6baea1a2099bf79681e1c283866b72f4aa9d06,-0.0019639940846616355,task090
2354,5288,,5212,76,16.426804618468477,afb5f0166ba1ed3bd0bef01baca1605d07943e9a1c3766adc9284ec96d446bd3,-295,cost-negative,11,True,2059,5299,,5212,87,16.424726597507238,170aea179861ded0eef26bfee12f25c7bccda39c4ec4efa5a3e0cc777860cee1,-0.002078020961238991,task029
3325,1353,,489,864,17.78992037182921,bd94ea3e28b4bff1fd03a5640a0086ebfd95207fc28e6f7e28ddd3d215321527,-289,cost-negative,3,True,3036,1356,,493,863,17.78770553149966,24ce6294f5c826d13c6036ba63d975c35ec892cf573f63a0b3de0fbae17b215f,-0.002214840329550327,task275
3731,892,,844,48,18.206533867419992,ead29447a4fa3c5e1bf6a699475bc34622d4f75b9823a496f049a2b05b75b532,-1323,cost-negative,2,True,2408,894,,844,50,18.204294224826487,c9d97845f03af45fb7f0bfe274626f00e475572ed53a5a539e618d92190bfc64,-0.0022396425935049535,task259
2452,1775,,1640,135,17.518444298090483,c6dce1f9ebadbc0a0e9c75146f1e2546baf0b3ece605ff4e6c64d2d85537d7a6,-450,cost-negative,4,True,2002,1779,,1644,135,17.516193312334167,2588bedc4039d4963f4e636ffa79ad3f338bcbd052dad862042d88d38b8e5498,-0.002250985756315771,task206
3191,2745,,2694,51,17.082463646056368,cce9cda97927fd20bddd476af32a27565f87d227137689de9c696d8f32ee5f17,-226,cost-negative,8,True,2965,2753,,2702,51,17.079553494857393,99f1ee6645ba95d504fd3bb7b55252f8b536a2b231aa398afc4024020354cb63,-0.002910151198975086,task091
1892,1645,,1546,99,17.594504336800526,29b47cdefb0fb7cb805b2164b9139f9ccb2606f1437c9c1a1040ca9417323a3d,-413,cost-negative,5,True,1479,1650,,1546,104,17.591469433105374,e592c4c2488c61f842020e260845f2f128d6d50ad240fa214e4742fd9e8b5dc8,-0.0030349036951520247,task109
1002,638,,486,152,18.54166171665521,38efd2d259b718d9bdeca181040253c523f7f5fb2d6acf4ddd8ad2e185c2b68e,-79,cost-negative,2,True,923,640,,486,154,18.53853182364628,67c6abb2fd4721508b98cd2297b95857bcb38b15d59827bb05fb4c8a39994068,-0.0031298930089285193,task327
5126,1539,,1171,368,17.66111186616112,2910f35126f46caf36c68c4e769c16d7bfc0155c8624786d2957e57804744f70,-1455,cost-negative,5,True,3671,1544,,1171,373,17.657868269415278,58dcd1258a3c175caeae300c7bfaa0287db21a354e7f69448997908c94265548,-0.0032435967458432913,task343
2190,1823,,1735,88,17.491761225321337,6df60e7c246c41e39aabad1ad0ed6b6094ce0957f2b891c5d5380939922ef99a,-933,cost-negative,6,True,1257,1829,,1741,88,17.488475351609132,1cc3e4fba4610e5238a4e2cd1856258efce552686933329f24941014fda11f06,-0.00328587371220479,task199
2240,2251,,2063,188,17.28087015909327,4696a6d5e8de2cf4cd34839a89ef503275e80ad6ad0c722deaf67971122976c6,-511,cost-negative,8,True,1729,2259,,2071,188,17.277322483531997,e10ccd2b43f16b97109ad88c3aeb0a947a5f35bb411b34a4b442797499b11915,-0.0035476755612720012,task012
2021,547,,257,290,18.69555119757802,b097c826846442cf8e61477d38956c648e8076867df5b5b8ae807c6a2f2f8e66,-497,cost-negative,2,True,1524,549,,257,292,18.69190155849047,926fc38432051f44775cfd0a82c34914764cfdfa1aaf3754a2071aa167db1827,-0.003649639087548451,task059
3217,526,,467,59,18.73469878726229,6bc4c53ed08e141552318c1db65f27043010b16704e665b1b1848be81a8a6a94,-1260,cost-negative,2,True,1957,528,,467,61,18.73090371629374,923d626a2cfe5bf23aff67c2e74cfb6ed3687ee522da61947e1e46cc35c7df7a,-0.0037950709685503625,task300
1309,260,,227,33,19.439318368984473,aafbad07e8d682d538c1dce9a95646f6c6f10c46bdab18dfa205ae42028ae95b,-451,cost-negative,1,True,858,261,,227,34,19.435479592677307,58760e754d187c4d3a8bdca195a0cb165f2374f4e2d5fcec5aeb3026e5416ed1,-0.003838776307166114,task003
852,453,,404,49,18.884107874516964,2fefd1eb855204420cd892fbac6c861ddee74f26c743988eb4a129c4ae79a885,-108,cost-negative,2,True,744,455,,404,51,18.87970258104905,ffb6d5655d75246253e4147f0a91b27cfcde1fd32606d8a7f1a1ff4e62fb6257,-0.004405293467915072,task039
4138,2524,,2465,59,17.166399776338896,84ba2b1baf9ad0620d1c442497239ce770f64ddc1a9a38db66f6b15bfbd308d5,-1926,cost-negative,12,True,2212,2536,,2465,71,17.16165668444288,a2d88ec1d55e82c220fa220d41856447052ef825f95ac52565d8f303f4c4e73c,-0.004743091896013851,task062
9771,12825,,12738,87,15.54084832996103,57d84bad3868e2717c65fb4821dfbb588a172c3cc39a7acf529a5b2973da8b49,-5422,cost-negative,62,True,4349,12887,,12798,89,15.53602566971161,51b4829f2bf323ffc378da2d789de158da9bf191d53756bfba4976bf676239df,-0.004822660249420352,task076
2751,4097,,4016,81,16.681989722453128,5708d9056915de3402459e5b2cea8454a84d39dbecbe9fc2be4804e92f3ed9fe,-87,cost-negative,20,True,2664,4117,,4036,81,16.677119978230095,15d5cec8f85ac33e950d3ade67d3670d0ef73b07e2e45a96de73cb9115645530,-0.004869744223032768,task014
2583,326,,260,66,19.213102618633293,9c552109e66313e735d5f9f805edbc1016c5a1003c61b6a6bb8490fbbfabcec5,-627,cost-negative,2,True,1956,328,,260,68,19.206986391615857,de5349fc999603bea63669f59cb2121db3c2b4c28937b10318ed2c967a5ad91f,-0.006116227017436415,task121
5055,1935,,1620,315,17.432137394536117,23f1fda8668057f315f3047ee6373566dd982918084b3ac6020d68f005966cd3,-1472,cost-negative,12,True,3583,1947,,1620,327,17.4259549946278,7e210ec247f1ed4e6afa990c2c97669ddda375c2a117649029f76b0fbf2b7425,-0.006182399908315261,task238
1604,309,,223,86,19.266658723102253,73def2a41945ee64dc024e226bdacbc7852201ef732d15f75c72a61fd1930e42,-265,cost-negative,2,True,1339,311,,223,88,19.260207087820767,5f65b9cd79fbdf3c0b17e6f2489a872694afa3d3a9266d98bca52871378c36a0,-0.00645163528148629,task111
4064,4165,,4032,133,16.665528445399055,0a8252a816473d2aef2f542b4d2c6278326a474462414dc50970959db6be43a3,-672,cost-negative,32,True,3392,4197,,4064,133,16.657874736666408,6aa9a14fbe618b1e188dfd88c7b6d33ed84784ec36e016ca8d60c333a768887c,-0.0076537087326471465,task208
1491,1002,,670,332,18.09024671835519,3f065a8894aa271eaf4c83431e8eb7933593a175bc744ed18abe31795ba8a1bd,-64,cost-negative,9,True,1427,1011,,670,341,18.08130478097953,2ceed419ef6c1d618d59843f3e1ec3a6ce0e8e4193d29b53626497c2a98022e4,-0.008941937375659847,task010
2111,3557,,3453,104,16.823327228051546,bfcad152fcd8c9093d38727547e76262e0ac5664eb5bf809639d5df164b0f7dc,-65,cost-negative,32,True,2046,3589,,3485,104,16.81437110885239,724fa04c57d5adc34f4f1740cdb31ca44377d811f26f343d37c67a3bd4dd5b31,-0.008956119199154955,task368
841,758,,724,34,18.36931661435763,468c597a53bcce31d1460f96e1c03e6f66589982c93e5024c036bd190d2f2478,-137,cost-negative,8,True,704,766,,724,42,18.358817830259408,8ce63f53125c13c774d227a71db1ad76cd194ebea0e58f3713ad47c73466c66f,-0.010498784098221137,task267
4654,2752,,2562,190,17.079916800946766,e088bd74c4f0d012db17aff1d9ba4d3c6db3fdcd62cff28c588f82da80e8d72d,-2175,cost-negative,30,True,2479,2782,,2582,200,17.069074627516613,62af5fb9644863043b94c903b7d5c25b8c42aa8619ab896395badfecf59538a2,-0.010842173430152258,task397
1825,2677,,2558,119,17.10754795647965,70de68ad03e398afd19fae55f3fad436817201e5df612359c9069b0f8281f98a,-700,cost-negative,32,True,1125,2709,,2662,47,17.095665157914905,a3d39a1feac2c8f98e092454521fa6bc4ee0a6c5f4e911a26bd0ece62f39678d,-0.011882798564744945,task094
6827,21135,,20118,1017,15.04131428699911,1a494711bd97b819e08570a0e180efb81d9a64fb76b8a3985892d15d57863086,-500,cost-negative,267,True,6327,21402,,20386,1016,15.028760345413053,687403e301eb56a72f080985e3a0582ec5ef07c7e2803b00eae6972121f73aeb,-0.012553941586057604,task133
3098,2663,,2607,56,17.11279141418607,a5ef0bd5a5854af84e4242cdd388aded06011325d742359d26990ca35a5cfeea,-1011,cost-negative,35,True,2087,2698,,2643,55,17.0997339632323,38e3ab6baeb332e9dfd292caa3a000e6480388189ac9f3543a3db26e7b35f1e4,-0.0130574509537702,task071
1617,4284,,4269,15,16.63735756843236,90845abfbbfb565e107a13896f223d53a39a45e948b5596ace983b8cc7033c5c,-242,cost-negative,58,True,1375,4342,,4329,13,16.62390964956176,c5958a22ddbcdbc17a0c22694a8f8099ffa375a5262da86052da1379ef48eb8d,-0.013447918870600262,task359
4120,5830,,5734,96,16.32922772065546,10a96442c69cfb062b303048470de1fddd78375deedd90475160b87fc14050cc,-2007,cost-negative,82,True,2113,5912,,5846,66,16.315260537371962,2eab599130b9d5430960759e84689bccb24714c50689e71a89c3b2be2d86eeba,-0.013967183283497775,task383
10377,5745,,5586,159,16.343914809717145,d06e2667c7c1b9daf1ebb0560ecbfbc261ffda718fa3ab489de46b59821a15d3,-5211,cost-negative,98,True,5166,5843,,5680,163,16.327000357445563,13f029e3309d2257a2833aff138cc9bf1b30615854f5b413a6ef66d823289eaf,-0.016914452271581837,task319
1644,461,,400,61,18.86660195700335,99c26a7cc34edb68d705cadad9778a4ede291a63ce16b2bf82cfcf0a054d033e,-514,cost-negative,8,True,1130,469,,408,61,18.84939723155372,7960ef252cbeae356a30cda3d7571a7401431f61c3082753eb14b3870514d13b,-0.017204725449630587,task247
12833,14285,,14060,225,15.433034685335127,d97c7d47649ea943c35c7062a4e257c0fe467a4fc308c6df870ddabf94f39e94,-6487,cost-negative,322,True,6346,14607,,14380,227,15.410743855149189,3452a0999df25c29321bfa8550529f018ed30b9fc27c432631c27186bfec8f40,-0.022290830185937693,task002
1838,892,,837,55,18.206533867419992,5a96d81af1af732af558ede01610b456f11c12b360f9108a95696d2814d15c24,-36,cost-negative,21,True,1802,913,,866,47,18.18326411940503,5d4b803f86ffce6a598fe0bcb3e831d39e3a63edc3cf9500958a3f94b9d3ea9d,-0.023269748014961067,task189
6646,6585,,6027,558,16.207450385822618,361449aa44c2f1eb417e2083e534e010de4d0060b321e5316720f2d382003a25,-1393,cost-negative,157,True,5253,6742,,6207,535,16.183888104205995,342a888b9ea2620c1b6f43b76a24ee813aa72f8192219f267386ef98e5d6c801,-0.023562281616623437,task370
4445,10327,,10104,223,15.757482896328597,9acdfb9bca16c2fef4fc1625b052e27dbacccdf25cc273a25539c34e75816176,-874,cost-negative,261,True,3571,10588,,9967,621,15.732523436653008,50be6c275ba656e58999c33d394f3e51c30f8ccb2496b57fd97a4699c4e26bef,-0.024959459675589102,task110
23797,24717,,24466,251,14.8847534550163,3cc9eeb900734780c94fb4c36cf36edb3f27e6e2c15cd6a0e68e60b61adc16b6,-13313,cost-negative,677,True,10484,25394,,25201,193,14.857731795370263,d3e7d9a2168b87ce4ca9dff05ce240b96beba5e1daf93c88d1b9fc9b56d516f6,-0.027021659646036866,task054
3437,1014,,944,70,18.078341815848873,3d1c4857fc063a6cfadb4333ebf89b1082e9e12613cdfba67f6f741d0a13a34d,-960,cost-negative,29,True,2477,1043,,980,63,18.050143544999226,7a6de1883e1979f57c26fd593f7b3d493ca25f58816064154520e927ef7a96af,-0.028198270849646434,task115
1874,6510,,6349,161,16.218905264797385,0c2da4395baf21c989749a2b73efc99da709c27b8ad54ea4dec5241a66a848aa,-368,cost-negative,189,True,1506,6699,,6529,170,16.19028645949173,1e0134b746054714512b07a3592105639cd0208d0f12f7fb81fe0aa7aaf8c6af,-0.02861880530565486,task009
5666,3576,,3420,156,16.817999863706596,5852aa6aaa9900a9a59f2fa1cfeabbf18f64c8969c26a4ff4560e0a02dad4177,-2134,cost-negative,105,True,3532,3681,,3317,364,16.78906026662098,1eb79fa8fdb329597427ca2d21a0fd14a5f228497b1bca6739f9b17f6855037a,-0.028939597085617663,task107
3733,2679,,2581,98,17.10680113045539,7b40abef1673818c738f89fdaea726928d9b1fbafe0f05c5b940b93ba499529a,-824,cost-negative,80,True,2909,2759,,2661,98,17.077376425782713,62e60f47feb3c0db5ef555d78dbc401457e7aa3d974e846b322414a204afcd48,-0.029424704672678104,task154
495,66,,40,26,20.810345257973573,68d63dc94d5e21076170e7e1196de034b8734bf11c122e26ec4636b79427b78f,-94,cost-negative,2,True,401,68,,40,28,20.780492294823894,7a99c03949ec5fb422e9b771086b23e93d32d8cd207f5bceec96c2c124b2aa8f,-0.029852963149679113,task291
3738,3184,,3108,76,16.934106453035724,e8f6c2df5abd02691df06c120b9dd2e767e4152e3d955f953e4fdba6ecf8f96b,-1776,cost-negative,103,True,1962,3287,,3208,79,16.90226942633578,569f4321c5bc5dce20f14274264129d833b08c8b4274738bffe66858554f5843,-0.03183702669994304,task310
5624,767,,715,52,18.357513198632745,d0a26d3a67e5ead3ce013599f45b8ba336fb3c422fa29546d44ba19a0b60e7ac,-2583,cost-negative,28,True,3041,795,,741,54,18.32165788534567,ecfc0e29de8c9fffc2a76c95134868aaa987acc7968e84aaa5e52715532622f4,-0.03585531328707603,task153
5826,2835,,2718,117,17.05020278383815,d523b6de5b74f21aa38111440ba3b3d92843f8d5eea002227793ebc3c4df9bc8,-2986,cost-negative,108,True,2840,2943,,2838,105,17.012815251766526,ce24583c27be5aba711c8f2c40ab4b6cf32492f43c2be42cda99324ec3cbed51,-0.03738753207162304,task105
4450,1517,,1233,284,17.67551002065147,9e7a244a425f2a0af80c98f46b42fb23ab6c01fa8338a3b3207105dae836ab3c,-1832,cost-negative,58,True,2618,1575,,1289,286,17.637989448740267,b6a793a9dbb88d269c8993298685e1e538c2456c5c8c1f84831c531b66256b91,-0.03752057191120173,task260
14638,10571,,10374,197,15.734130318231337,9d1ed34425c59402ca7471055cc03ff969bc05244a1e4996d90bcd1b29f5ed02,-7894,cost-negative,408,True,6744,10979,,10786,193,15.696260363765267,61c96f22f6628694f2d298653c5ee4b43322bb737f0b4e4e55035d60360d3fe4,-0.037869954466069444,task066
2695,3389,,3263,126,16.871709828392948,ca3758bf7f3244d531c543412a3700385691adebbfdc6578ecaea416561f6469,-1225,cost-negative,137,True,1470,3526,,3433,93,16.832080637042182,a4e6d363b6ae0ff1d576abce89c50cd9ae01de5a4895c97db66f0fd0e42ee0b7,-0.039629191350766035,task137
2062,2427,,2180,247,17.2055887942734,b1f642c504136721a1857699b39ec013ef63556cf91f97f3ac9bdc926b7efc05,-841,cost-negative,100,True,1221,2527,,2280,247,17.165211892611808,7d24cc4ff2dc4f6410ed5fabe0fa378fa0f383229f4d86a121857d39f049f60b,-0.0403769016615918,task190
4789,9817,,9684,133,15.808129144307479,eae08c0b7635357f2f535ecd2507599d8175f05c9b8dbb16daf6fd2a7de92c7a,-2336,cost-negative,419,True,2453,10236,,10132,104,15.76633380272032,c6017f73d984e2b34f693705988d2a79f3bb9247db67a7f95b919721dec6ea14,-0.04179534158715903,task025
1848,2625,,2484,141,17.127163824974275,b425df258a5b67b86879105c7cc547b5adb22b4fc1dc9f050a2ee981af341306,-351,cost-negative,118,True,1497,2743,,2604,139,17.083192509062396,82344587c8e8235090f7ed82dcb68efb5483e3b594738d5e840ef169cff260eb,-0.04397131591187886,task245
3506,2398,,2280,118,17.217609664412542,5734d814d1f0e855d7a174a2c66a0062c30aca35d2cd9f4066155e5f1e41824e,-1776,cost-negative,109,True,1730,2507,,2396,111,17.173157901841705,af508ba0a3abf1eaeb757fe095a58db3ed4617b11dc44e3a051729987ab916a1,-0.04445176257083716,task085
1559,2249,,2068,181,17.281759048040684,14a35d55317bd16388d4b9fe5a0cc2f77ce954fa82c0efa1145b5fa4e020657f,-74,cost-negative,111,True,1485,2360,,2178,182,17.233583101980344,edd3f5f951c044bae6d69208835bbb3141651e508c48b15339583877484ad9fc,-0.048175946060339925,task212
9456,8649,,8567,82,15.934801013693487,27908bbbdd84aeadbee8b0e5905e320357e50b76b00ff00ff0d2d6ccb11cfe7b,-1983,cost-negative,432,True,7473,9081,,8999,82,15.886060402310171,2b4d4db69e1cf57c924d05c81aa24c828791145973933e31cf7938eb3d8565a8,-0.04874061138331598,task219
1511,1767,,1560,207,17.5229615276803,4b36fa4724eb177fadc7c283b862f0ffbb06d1e83ea429a212bca1080ec21a1e,-268,cost-negative,89,True,1243,1856,,1680,176,17.473821086653853,c10324dc3827ff7efc3a305ecb421cffaf454e48cbacf77395e3f90cce454584,-0.049140441026448656,task055
5102,18674,,18256,418,15.165112538956128,bc3544388fab7276343dc6b4778fe8dabc7acc4cdf23ebe7b768d84027afb4bc,-293,cost-negative,1032,True,4809,19706,,19286,420,15.11132156311758,3e585d07c435b3f6570b887fe83b01b0c6950ccd18ba3f979c8c8c685ac58422,-0.05379097583854886,task285
1721,3540,,3501,39,16.82811799387218,fbfca4d3aa2fd587f98dd5c1c0251d7c41d84af1335ab6955424d6c25e05c383,-239,cost-negative,201,True,1482,3741,,3701,40,16.772891765651856,030f183fabbae0b3182d7a0fba768955ed421bf9eff5ccbe743226f3949f706c,-0.05522622822032375,task277
2416,4525,,4363,162,16.582627143865974,df6907ce1badc9c9a8ec588d7e3e8a12949748e189fb9aaebea616248e61e145,-965,cost-negative,292,True,1451,4817,,4635,182,16.520093393369777,2dbc47adae097578fa655f0fcd871927c110a4f91fcb2c871bf02d97fe1d2e96,-0.06253375049619692,task165
6266,9158,,8725,433,15.87761690678296,d43794504c2bb07283ef3892b603285997495453318e51224710ad821c1a2251,-2425,cost-negative,615,True,3841,9773,,9327,446,15.812621239661164,8bae8015399ad5b3b45fe612b138f3abf9bf6ad6ba7233f0eb97a63e5959651b,-0.06499566712179572,task080
3335,1256,,1104,152,17.864312652971854,f7db49fb30f6b2eff78ce6c117efd540906d9d1a5fe12062ca9dcf9bbb6ee009,-224,cost-negative,86,True,3111,1342,,1176,166,17.798083682468373,eb7fb395e346f35f5b162d6898d3e7d0703cb73f68fca2df14e29b2d725b8259,-0.06622897050348087,task020
20139,32011,,31272,739,14.626165127286631,c2129e85f2bb891b200421f885133416bd455b2857b7f3810bac8d675e860d56,-10325,cost-negative,2389,True,9814,34400,,33637,763,14.55418815663851,8a4884e5ffaf491073c54cc577984cd6e6d76938c9b62497b9865b2cd82e4e9e,-0.07197697064812125,task233
15145,8394,,6436,1958,15.964727556106464,7c6770b01fbde8054bb2ca483221f1a13b69f7c8eb4888411f6bc833894b89f8,-14453,cost-negative,656,True,692,9050,,9000,50,15.889479963306028,514641e9a6aadcfb6de8ec0310671f1486ac59513e61398c747ab716d4b96da5,-0.07524759280043547,task074
5977,744,,628,116,18.38795896516691,dd2ef9cae56c044357291b5667785a1b0c61699d0b9a0ff16aba860810b0e341,-3122,cost-negative,59,True,2855,803,,688,115,18.31164528605324,e49875c89032efc02258f17aa753564fd90249ab87cf8b096567d282382a273b,-0.07631367911367093,task048
6416,12042,,11840,202,15.603844181975607,e6c13c0273e42873590aee0f24b6922cf53246ad7e16053cd03312997e3509cc,-2530,cost-negative,963,True,3886,13005,,12844,161,15.526910822117248,89a005ce9445fefa4cea27d97f754656ce0c248d248cffc95c9a097e383cbe7c,-0.07693335985835859,task138
3524,3404,,3284,120,16.867293510306737,231f9a7cb736280f93cdf44a81ae56a80a56cf8329df32fa00b403f26522e4e4,-909,cost-negative,299,True,2615,3703,,3584,119,16.783101419086385,15aa7ba2d30b5e0443fc5cebbb967876c423a1ff14e5ce677c8eaa9c075a70be,-0.08419209122035198,task340
1954,1320,,1080,240,17.814612984419583,72d162fc932fd212b6cb6758f55818e5e69cb93a74bae46049c9157c907bf137,-1190,cost-negative,121,True,764,1441,,1404,37,17.726907404000478,362249f02b122d296564f5db6c57a32cd0e9c4ebf2a824d72cf1c3bd240a5e91,-0.08770558041910448,task304
4594,3417,,3361,56,16.86348174788471,c408c729f0fd1afce50d9256628758e25024fc5f3645f6667e97e94abe936c0d,-1428,cost-negative,330,True,3166,3747,,3684,63,16.771289201206315,4e330aaced113f5574ee2fb5a45b7b609458e68215f916b38e60963238cbaa9a,-0.09219254667839394,task234
4720,3045,,2876,169,16.978743819856003,bdf3053c36f2ccdb81cf57ebb659dbbb89a21a0496034c27d646673767448701,-51,cost-negative,310,True,4669,3355,,3202,153,16.881792950594217,d129730b0caf550752a66c13b7ec209382d3616d5829d500e6ad0f3bc0d5e3dc,-0.09695086926178575,task201
4587,10350,,10186,164,15.755258201306486,c38e7c4f717e557f09d49632ca1d68aac074be9c835b82c0b608a0f314fd4889,-1158,cost-negative,1062,True,3429,11412,,11305,107,15.657579287666609,7269f50564f2e70cdd8e6e1b1506840ea884c2ebfdd30b45a847a09759523055,-0.0976789136398768,task198
2433,481,,368,113,18.824132729894238,3c4eeba87acebceb14949914ad03cbcebdcc4169920faefb0f380a38e831fa8c,-528,cost-negative,51,True,1905,532,,422,110,18.723356510658355,9481b059d08495a3e9c2229ca44cc0ef2a6c6d5d04bc9bb99db5861bde8c58b7,-0.10077621923588254,task031
3261,3852,,3582,270,16.743652227081984,249a2779cb0e7ebbf447abaefce667c3381800e7ebc6de94f400396403338b8f,-143,cost-negative,420,True,3118,4272,,4001,271,16.64016261935997,7bcb5a6fb7d788272ebff6cd23597a591d3ac8acc060ddca92b62503a2707043,-0.10348960772201465,task363
5447,2974,,2920,54,17.0023368729799,08abc9dbf35d997beba3d9319692186df9a34df1dc8f7a70c542cb9db1584186,-2686,cost-negative,382,True,2761,3356,,3300,56,16.881494932412902,727620f9e56c2d8c3a65744df0316ee56e4c967eec0a4e05a6d21610ee6a349d,-0.12084194056699715,task268
8616,2699,,2595,104,17.099363386981995,4ab87ac79ff3cd60d0ee922389eb5934d9be7ddbc0c7223368585ee08d59005d,-351,cost-negative,391,True,8265,3090,,2623,467,16.96407363010821,fb8e2bfb3592d56d33d711c454097cdb2614f837b8959a1ce5dea071b87c1a71,-0.1352897568737852,task390
559,138,,136,2,20.072746314842796,584636d98ce2bb69838ce0f9596522398858fadc2b264fa267593030aaf74b5f,-61,cost-negative,20,True,498,158,,128,30,19.937404966973034,f7b9a9bc8ebf4522236b117321fa49c34a483e02e6aa789f7c437a46039ecdf3,-0.13534134786976182,task150
7009,2743,,2654,89,17.083192509062396,e66d88084736e122ba21e47a495c82894d22ca03dafb790748455fa9abab739b,-3079,cost-negative,454,True,3930,3197,,3064,133,16.93003185094016,e49e3b5e249f0a9e6249e070c4a7f166d7f47b7653d45d7c92e043bac4b9a7ea,-0.15316065812223556,task008
6483,1901,,1442,459,17.449864657511572,5975da31bcc5cfd8ad72b3b0a1558614c901b17f0aaeceaceece1fa0211972e0,-2554,cost-negative,348,True,3929,2249,,2125,124,17.281759048040684,b52b89bba2f7343034ca01f795e337a4fb613225de739c4f47b6c4061cfaca6c,-0.1681056094708886,task035
3095,2121,,2052,69,17.34035704543532,23b81a27a8b0e32fbec2e224c57c1452011fafc4e9770354632dd8ce6b2c311c,-431,cost-negative,397,True,2664,2518,,2464,54,17.168779785395706,453faeb23caab1512464843862b973d63a09b83a10830f2ca338dea402d2b0ca,-0.17157726003961216,task250
6286,2124,,2056,68,17.338943617638172,63890539f859a061eb307e0e0378f80f7d246ca6bf2ac3176a19e74b50cf575c,-1923,cost-negative,409,True,4363,2533,,2204,329,17.162840349998326,b991f57eb65e1d081eb95f32c1111d35e31dbe8af695c928206ea4a20d6a4f5b,-0.17610326763984574,task170
2225,1829,,1766,63,17.488475351609132,264886aa4d1050c4a2810dbe074abd7dd7882a56b49681ec63a3a0276a18ab61,-972,cost-negative,361,True,1253,2190,,2119,71,17.308343177189453,1f794f40657b896687c91db0318e1ee77c594bb464f9893cf4aeef6c967873b9,-0.1801321744196791,task388
30962,27887,,27682,205,14.764084090599681,f820d837ea9ad8cf4e38f8283b0bcdabcbe0372f528747d25d693f5880b06f8a,-14200,cost-negative,6126,True,16762,34013,,33533,480,14.565501916538784,f4fe7f06a452d1589d9531cb22133c181ac78c04ce5b1ad662640a5ee5ca9484,-0.1985821740608973,task366
2715,7215,,6925,290,16.116082528792028,8219999addbdbb859515f5117b7ffd4ec49ad3282925d38d50c11768b6d1ccc1,-716,cost-negative,1635,True,1999,8850,,8581,269,15.911827261998026,2a79c87b6a59c78f8161dc462becab06fc314ebbfb5d1add696ae23a3505e347,-0.20425526679400186,task338
2025,1706,,1612,94,17.558093271948376,fbdd21c8f1814fa93dfdfe0200922fd3becfc357db16347ed3dc4a2a6c8f3c7a,-727,cost-negative,389,True,1298,2095,,1938,157,17.352691167643762,cb11098547522a9987b482c7958ded8949b12c42c1c491243b22689e6d26cd87,-0.20540210430461414,task348
118088,10690,,10278,412,15.72293599598091,a30b2228c3262b9aefa5dd70552eab932e8504d7b22592c5ffb7c19fb56bf05a,-28435,cost-negative,3008,True,89653,13698,,13282,416,15.47499488424215,f29f809be29e88e94979ad80d676a3df419221a61ad939e69cfd3e05fbddad27,-0.24794111173875955,task243
5446,4099,,4054,45,16.68150167949566,ca26a3c2953a8e58f3591e9334a0765e645863a7e682ee3d3afb8cd7a9273f7c,-2575,cost-negative,1212,True,2871,5311,,5266,45,16.4224645795776,26b745f24cc9967e49fcd68326507f98d330d1953d580358200d73b84ae3cc3a,-0.2590370999180607,task205
13231,4520,,3746,774,16.583732727173725,238a970a0ec3c6f4530dc4f8e17a3ea43125b8b8194fa9cf9309b6f0b2e3298d,-4333,cost-negative,1512,True,8898,6032,,5282,750,16.295166090312208,7d8371bb39fe4b125f6193362a1136a7828f7f7345b28fd15d325191a2f9aafd,-0.2885666368615176,task280
1813,1630,,913,717,17.60366470619919,d17729d2f2ac1c032e9b94cdd875843efe5f5bf8ab90edefd77387210a5cb14d,-555,cost-negative,547,True,1258,2177,,1521,656,17.31429693876545,42df4f5f3a020b8a4d9d2f55bd82be9d27bb8a7b5db340d8f49441f776e9378b,-0.28936776743373827,task323
4290,1559,,1445,114,17.64820013094222,a31e0eed09af741cd972ab84692733f7bbe45ca633435c58699718df1513a421,-2612,cost-negative,538,True,1678,2097,,2058,39,17.35173696909808,ef0a026344e33e576e99cf9206cede8f378c5a2330e60c5e775e32167cb8f7dc,-0.2964631618441409,task036
3481,3560,,3481,79,16.822484176153925,85cc796c9c6f217cd6248598f9b4028bec7bafec2ae804a03f02345c89609d0f,-254,cost-negative,1368,True,3227,4928,,4843,85,16.497311494786643,68c422fbc6f737c8aae530745e4994a54d0a0206d8fd71f78221cbe6b9f6c645,-0.32517268136728106,task396
3413,1529,,1427,102,17.667630794070938,1664ea3a2506936f9b18acafbff267843ae08bf811a351c683224ccd5eaedd74,-1201,cost-negative,755,True,2212,2284,,2250,34,17.266316429224098,ccbba1330053f3e3208218a47aca50030c04ad22794515910506a5c4b704a370,-0.40131436484684,task134
14824,3212,,3060,152,16.925350924933348,376a09bb1bcde35b790393a24bbf964ba40658652791337dface0425126fc436,-10521,cost-negative,1666,True,4303,4878,,4454,424,16.507509421224135,d0046208ce008bdc41c62385161d1ca15d9ec6a54479ffe8da175a776886e619,-0.41784150370921225,task044
3481,2465,,2268,197,17.19005291352321,3674a3fc6b29cf8c91e8d50d8a5acf0ae0520053291e7362532f8ab443ec11fa,-1764,cost-negative,1430,True,1717,3895,,3732,163,16.732551041695153,2d77377eb3087d8758b7bd7a9671e2d80fd479b97eb6e45f795d66c88ceef7e4,-0.45750187182805746,task037
2549,4481,,4405,76,16.592398485213856,433d70ca8bcc6a63b64f886d20b26b8ef44587e2865b2a18ef1858dcaa06c741,-1649,cost-negative,3323,True,900,7804,,7779,25,16.037608298257,fc5da5ed02e62b2415090aa40afe7ff681180f689416e0f44126812f6e979405,-0.5547901869568577,task202
1863,1682,,1440,242,17.572261159467107,8ddfd08c064d265733cd07d03f7033d49b7d4595febf9099d7b5bf5025004422,-1119,cost-negative,1326,True,744,3008,,2977,31,16.99096931493027,8b5b4d88917c54f8d07a4938dda5258d5cc01de76de6f93af602437087bfdd87,-0.5812918445368389,task070
3224,1329,,1188,141,17.807817941286753,9cf1318d269365dde5db64c3d4697154d1529df9f2f84913792d0bd084cec71f,-494,cost-negative,1057,True,2730,2386,,2321,65,17.22262639734214,88d663586894712fa7b4f3e362fae757186efc47597236baa8f2229856608f6e,-0.5851915439446138,task281
8422,2329,,940,1389,17.24680573011566,18f2b72ad00aadc4f909aaf0bfe9e5b9fcf568b8bd295f8c36e529b5b2f4a237,-2511,cost-negative,3079,True,5911,5408,,4700,708,16.4043653822772,495f6b679e715cf0f48f241beb6087c56e6139b444234e551ff6e338438d66c9,-0.8424403478384619,task264
5441,2605,,1614,991,17.13481204581253,7777f23dab5093788a4a4a7e236494afd8e1e71e83a8a05f4a1b505e93d4de68,-2887,cost-negative,3598,True,2554,6203,,5992,211,16.267211675026882,d2370c363f31b15e3652756a8b02238474327fd93cd5cf53fa5f92f81a367c20,-0.8676003707856488,task222
5596,2187,,996,1191,17.30971397932323,4a71f6bddb62b7b1b6e82d7843123b159c7bc24884fcf48425685d812a2b7ea9,-3064,cost-negative,3244,True,2532,5431,,5347,84,16.400121441965155,694e0db9fc923bb909e417da5dd9773e0a85d8e9357a4ac4c5dc76d121b37220,-0.9095925373580762,task398
3457,900,,162,738,18.197605236675688,e92d07061f1aa758e526cf5ff5ee5d4d285a593cfaf1b88f52dac34e172667b8,-352,cost-negative,1402,True,3105,2302,,2004,298,17.25846641071817,5a1b1fd45b800afea711222aa88f6d8e31c5c3eb0361dfebb48327a5eea73779,-0.9391388259575173,task022
1525,318,,64,254,19.23794861721982,df7ddffdefd8d1f168424610c67e41dcbc66e7251fc7d35e61f2aa883f311ad9,-5,cost-negative,1142,True,1520,1460,,1370,90,17.713808285297617,40b4028c41506b2f9e6ea82dc427b63192649471544bc41275907c44d4cf88d5,-1.5241403319222044,task011
795,,,,,,a493c6d57750bc5504d8e9ee2f93a9d2521d44c6f158010e418ce861c1c08959,0,identical,,False,795,,,,,,a493c6d57750bc5504d8e9ee2f93a9d2521d44c6f158010e418ce861c1c08959,,task001
1433,,,,,,dcd99dba776b71d86ab54a7d7d9b008d8fe7b9cda264d5347d3458bcfdf84409,0,identical,,False,1433,,,,,,dcd99dba776b71d86ab54a7d7d9b008d8fe7b9cda264d5347d3458bcfdf84409,,task004
5096,,"InferenceError: [ShapeInferenceError] Inference error(s): (op_type:Conv, node name: safe_name_49): [ShapeInferenceError] Attribute pads must not contain negative values
",,,,bae6bbb7c3e2d4ce84d64b7470977f93caf8dce42eebb586cc1502db851746a2,-404,both-unscorable,,True,4692,,"InferenceError: [ShapeInferenceError] Inference error(s): (op_type:Conv, node name: safe_name_49): [ShapeInferenceError] Attribute pads must not contain negative values
",,,,a91c800a5d153db0b51bea8f4b5941b25e6aa11a4eaaa267b9a4b521a3151fb7,,task005
2325,,,,,,b5f1e5c4871cbd88797e8e037f1f73175cfca71bfc303ea21465c9310ab36e9b,0,identical,,False,2325,,,,,,b5f1e5c4871cbd88797e8e037f1f73175cfca71bfc303ea21465c9310ab36e9b,,task013
3774,,,,,,1ab641692d1424be973ca0ca5d26e88172d7be86363973c99ffda1b0d2dfd046,0,identical,,False,3774,,,,,,1ab641692d1424be973ca0ca5d26e88172d7be86363973c99ffda1b0d2dfd046,,task015
73252,,"InferenceError: [ShapeInferenceError] Inference error(s): (op_type:Conv, node name: safe_name_50): [ShapeInferenceError] Attribute pads must not contain negative values
",,,,3396a602b5365d7965ad29c7d73fc23a5e7bdc93cd85d57813320dad74d93627,-1158,base-unscorable,,True,72094,26935,,26237,698,14.798818164885366,7890f51d02f09efaeeb21d4a6ae6d3a9813fbd5cb516e4ab7135287c6205576c,,task018
1868,,,,,,08b1945d9ee9171968479c8f21430bade488d64ebe17970eed84adff0888dd1f,0,identical,,False,1868,,,,,,08b1945d9ee9171968479c8f21430bade488d64ebe17970eed84adff0888dd1f,,task019
3828,,,,,,ceb4063280bf7df98b687efafb01b5fdedc714737f65b70a50c4a70a941c330a,0,identical,,False,3828,,,,,,ceb4063280bf7df98b687efafb01b5fdedc714737f65b70a50c4a70a941c330a,,task032
1426,,,,,,c13e3c334a9eec2943a0bbcd3ee8f106ef26ab34fc5abc8dedddedce13a12db2,0,identical,,False,1426,,,,,,c13e3c334a9eec2943a0bbcd3ee8f106ef26ab34fc5abc8dedddedce13a12db2,,task033
631,,,,,,151314a926f7a39e4ab3bef82481b135f2e5382cef065996d7d59c1a6115db84,0,identical,,False,631,,,,,,151314a926f7a39e4ab3bef82481b135f2e5382cef065996d7d59c1a6115db84,,task045
6509,,"InferenceError: [ShapeInferenceError] Inference error(s): (op_type:Conv, node name: safe_name_22): [ShapeInferenceError] Attribute pads must not contain negative values
",,,,43d56a3ea4a90d31da53b7f16f298529903dbc483ba3f06fe2a1b93b8f904f3c,-3071,base-unscorable,,True,3438,2285,,2189,96,17.265878696671695,dfc2eae1970e464ff1f4ad4713012d816ce7df1f05cbd7bb62e28c71b1c72c53,,task046
355,,,,,,299b9dccde06d89ecc0568cb74051282810f9debde90b3fa71efc6faa6879067,0,identical,,False,355,,,,,,299b9dccde06d89ecc0568cb74051282810f9debde90b3fa71efc6faa6879067,,task052
175,,,,,,11d2a84ba10862f37e4dae8a206314fd4226f70b6f751eed23e52ba32ebde353,0,identical,,False,175,,,,,,11d2a84ba10862f37e4dae8a206314fd4226f70b6f751eed23e52ba32ebde353,,task053
1242,,,,,,8bf294b6d0f7157c902cc88a09bb647b7553cadf9c211da1f1982a8dc61c8461,0,identical,,False,1242,,,,,,8bf294b6d0f7157c902cc88a09bb647b7553cadf9c211da1f1982a8dc61c8461,,task058
802,,,,,,0a68d150f2eb578e63cabb7e9e741bfdbf68ae40b15cbc3a94d244d15d58f842,0,identical,,False,802,,,,,,0a68d150f2eb578e63cabb7e9e741bfdbf68ae40b15cbc3a94d244d15d58f842,,task060
972,,,,,,953a9e7991337bbc92c449d98e496bab2235e5fa99f46e837045c1f43e75eda1,0,identical,,False,972,,,,,,953a9e7991337bbc92c449d98e496bab2235e5fa99f46e837045c1f43e75eda1,,task063
3568,10432,,10346,86,15.747366715833566,c3ea9eca7744b34f97e113fa55baf2cdd5c1f5a61fc64bc8d01199825d05bd96,-1726,donor-unscorable,,True,1842,,"InferenceError: [ShapeInferenceError] Inference error(s): (op_type:Conv, node name: safe_name_14): [ShapeInferenceError] Attribute pads must not contain negative values
",,,,2b985ab87474a8937c12b57323f1dd90193a83a93ecce415dd136cfdbeb73218,,task064
145,,,,,,496966b0f14bde7f7eef61fe958c32834fe2976d911184da7d44b859f2d776e6,0,identical,,False,145,,,,,,496966b0f14bde7f7eef61fe958c32834fe2976d911184da7d44b859f2d776e6,,task067
2903,,,,,,000bcfb2908cf36e489ff6a1c0100e7c928841caf1c88d6a1108c29de4bf8787,0,identical,,False,2903,,,,,,000bcfb2908cf36e489ff6a1c0100e7c928841caf1c88d6a1108c29de4bf8787,,task069
446,,,,,,c4fcd4c3f9fc186b44d4f723ae3d94067131b39cdcd4c25329546a7cee4b0102,0,identical,,False,446,,,,,,c4fcd4c3f9fc186b44d4f723ae3d94067131b39cdcd4c25329546a7cee4b0102,,task072
979,,,,,,99f5e5425893037413f1bfbece16fb903cb615dc1dc01b0ea30cefa7c6fb5555,0,identical,,False,979,,,,,,99f5e5425893037413f1bfbece16fb903cb615dc1dc01b0ea30cefa7c6fb5555,,task077
581,,,,,,54db7a9ffcc7777a96dc05b7d3a9d2f0dc81c7eb53dd57eeba37688fd03b287f,0,identical,,False,581,,,,,,54db7a9ffcc7777a96dc05b7d3a9d2f0dc81c7eb53dd57eeba37688fd03b287f,,task078
1027,,,,,,292a56e292cb99f0b6376e103ef994a21e8aa2940d6f444f56e613b793bc8a24,0,identical,,False,1027,,,,,,292a56e292cb99f0b6376e103ef994a21e8aa2940d6f444f56e613b793bc8a24,,task083
1330,,,,,,45318565531a011c9c377d6be1c8c153de04dcaca13542fff186630fd8d3b96b,0,identical,,False,1330,,,,,,45318565531a011c9c377d6be1c8c153de04dcaca13542fff186630fd8d3b96b,,task086
2349,,,,,,6c419ff35ddc8651209c1ac5f32b0f2aecce69501cd274348e10c97a469bcfed,0,identical,,False,2349,,,,,,6c419ff35ddc8651209c1ac5f32b0f2aecce69501cd274348e10c97a469bcfed,,task099
411,,,,,,efcd43b5ad14b6c5b1d8d0763306a9b00ea9032fb168a4813004a36e2c6b99fd,0,identical,,False,411,,,,,,efcd43b5ad14b6c5b1d8d0763306a9b00ea9032fb168a4813004a36e2c6b99fd,,task103
1316,,,,,,03c90fe4b741434e2004400ec23e6f7e9d9052d1046e6c662d33e7d0f06c44bd,0,identical,,False,1316,,,,,,03c90fe4b741434e2004400ec23e6f7e9d9052d1046e6c662d33e7d0f06c44bd,,task114
2908,,,,,,f346b1d939f3d2b3bcb31036193f72bddc331e247c66216df9e3865c2ac36281,0,identical,,False,2908,,,,,,f346b1d939f3d2b3bcb31036193f72bddc331e247c66216df9e3865c2ac36281,,task117
1846,,"InferenceError: [ShapeInferenceError] Inference error(s): (op_type:Conv, node name: safe_name_11): [ShapeInferenceError] Attribute pads must not contain negative values
",,,,853d7e92044414765ace7f061ffca8a59da1e8f4876c0750e7760beeb91584f8,-447,base-unscorable,,True,1399,8699,,8575,124,15.92903664449246,f3b7cfd77d55353ff522b7d172b7dd38a46ac5f3df585dcc1a837c8e96c37247,,task118
1269,,"InferenceError: [ShapeInferenceError] Inference error(s): (op_type:Conv, node name: safe_name_2): [ShapeInferenceError] Attribute pads must not contain negative values
(op_type:ConvTranspose, node name: output): [TypeInferenceError] Input 0 expected to have type but instead is null
",,,,2041113aee553ca01f97e936ef9ea89a615ce9719d08609e52758abcafdc88d2,-461,both-unscorable,,True,808,,"InferenceError: [ShapeInferenceError] Inference error(s): (op_type:ConvTranspose, node name: output): [ShapeInferenceError] Attribute pads must not contain negative values
",,,,d53f4bcab42943ce7db8c8e27c4b310bc02bd43e6516de5e927f33d19774f514,,task127
382,30,,0,30,21.598802618337846,aaf291bab4664270ac1030a0f0a0efa703f037c864bb9dea18014975c16b0dc3,-82,donor-unscorable,,True,300,,"InferenceError: [ShapeInferenceError] Inference error(s): (op_type:Conv, node name: output): [ShapeInferenceError] Attribute pads must not contain negative values
",,,,762e3c85180c7c15ce85f0d0c06fa77cc2f107de6901dfa4ddd08eb3889e99a0,,task130
5512,,,,,,79ff05f1116e16a8f7198a96b75fb7b9e84664a2e376311b852f51f20c5da67f,0,identical,,False,5512,,,,,,79ff05f1116e16a8f7198a96b75fb7b9e84664a2e376311b852f51f20c5da67f,,task131
3928,,,,,,a8b6a771c3b1b30dfd0ff9d884ecb5fe8de188009f0f476279f3ef7ef68a9fa2,0,identical,,False,3928,,,,,,a8b6a771c3b1b30dfd0ff9d884ecb5fe8de188009f0f476279f3ef7ef68a9fa2,,task132
997,,,,,,673896245f774358872d05cd367d1d1eb3d3c1a8ce689ce37b29c8b3bd2555f3,0,identical,,False,997,,,,,,673896245f774358872d05cd367d1d1eb3d3c1a8ce689ce37b29c8b3bd2555f3,,task135
544,,,,,,18b4e10c739b09f16f0c3cdbde7b1be93eb0a143298b870912ae715d435ac750,0,identical,,False,544,,,,,,18b4e10c739b09f16f0c3cdbde7b1be93eb0a143298b870912ae715d435ac750,,task142
988,,"InferenceError: [ShapeInferenceError] Inference error(s): (op_type:Conv, node name: safe_name_6): [ShapeInferenceError] Attribute pads must not contain negative values
",,,,a68ea595bbe7ce94c9a45cf53c0ed92d256eabd3421d0b98ec4035e9e38f63ab,-122,both-unscorable,,True,866,,"InferenceError: [ShapeInferenceError] Inference error(s): (op_type:Conv, node name: safe_name_6): [ShapeInferenceError] Attribute pads must not contain negative values
",,,,58019833c2d2c9340c863cb37cfcb72e72f5eef5b946d93cd09a1853840fa1f7,,task146
776,,,,,,2c644a361c51fcc505e9e3dbd3154fd7f6f8fbc5299aa99be68f2e6a0af7f5cd,0,identical,,False,776,,,,,,2c644a361c51fcc505e9e3dbd3154fd7f6f8fbc5299aa99be68f2e6a0af7f5cd,,task149
532,,,,,,54bc32a1ef4228ed1c17147afe1ca1a698e8ea140f79fd1373e3ad25e4518858,0,identical,,False,532,,,,,,54bc32a1ef4228ed1c17147afe1ca1a698e8ea140f79fd1373e3ad25e4518858,,task152
593,,,,,,0faf6dbc5525fca74bf5f2e0335d3a0691b1edcd44f0463c4c8148d20e1fd979,0,identical,,False,593,,,,,,0faf6dbc5525fca74bf5f2e0335d3a0691b1edcd44f0463c4c8148d20e1fd979,,task155
8407,,"InferenceError: [ShapeInferenceError] Inference error(s): (op_type:Conv, node name: safe_name_43): [ShapeInferenceError] Attribute pads must not contain negative values
",,,,77ff766ecf9b721bd66d112af08e0ff1d438efc37fa3c0f065573ea237ae01ee,-2050,base-unscorable,,True,6357,18560,,17884,676,15.171235993659808,b3be1ca261dfb2a6c499594461c0036280f0e05e0c233ba9e7126874bad8f32b,,task158
1327,,"InferenceError: [ShapeInferenceError] Inference error(s): (op_type:Conv, node name: safe_name_7): [ShapeInferenceError] Attribute pads must not contain negative values
",,,,ee60eff03ed3b8a6a071982658748a570e2a58ed9a7ae36be5a2d71b0704c31a,-438,base-unscorable,,True,889,4068,,4024,44,16.68909324283155,e062ba4cd495970a2d26cc9426d9278103d79227ef87be8df4390157c2b112a9,,task162
1677,,,,,,d784d1c2166c70d4255aa51164f685d47b12b3f17a075424b740d7bfcd5bf64a,0,identical,,False,1677,,,,,,d784d1c2166c70d4255aa51164f685d47b12b3f17a075424b740d7bfcd5bf64a,,task163
774,,,,,,92fc2a7657ebe197967ba5109cfbfe6329ed0bb5b5a03d225e16880e09f9b862,0,identical,,False,774,,,,,,92fc2a7657ebe197967ba5109cfbfe6329ed0bb5b5a03d225e16880e09f9b862,,task171
3656,,"InferenceError: [ShapeInferenceError] Inference error(s): (op_type:Conv, node name: safe_name_21): [ShapeInferenceError] Attribute pads must not contain negative values
",,,,89d886cf80e7711916c6b87ea361a967fa7e5d26ebe5878a9ffb22d9374da495,143,both-unscorable,,True,3799,,"InferenceError: [ShapeInferenceError] Inference error(s): (op_type:Conv, node name: safe_name_21): [ShapeInferenceError] Attribute pads must not contain negative values
",,,,719acea13b22e4b35026efe37ad20ecc1c7f849f7a878dadc10249d147a45b55,,task174
1044,,,,,,90377d7d18ecb829911a960afcc184f1b8c3c7509cf4e6fa56ca8edd1acbd75b,0,identical,,False,1044,,,,,,90377d7d18ecb829911a960afcc184f1b8c3c7509cf4e6fa56ca8edd1acbd75b,,task176
1019,,,,,,100d536805bbd282ce6556cb89c1e332fc442ff80ad76a9973cd9a9124b698be,0,identical,,False,1019,,,,,,100d536805bbd282ce6556cb89c1e332fc442ff80ad76a9973cd9a9124b698be,,task177
3824,,,,,,aa6ac89cbc5b59e6f71dd2f4e7044320f9783b3b6da247d95e9672baf2d19256,0,identical,,False,3824,,,,,,aa6ac89cbc5b59e6f71dd2f4e7044320f9783b3b6da247d95e9672baf2d19256,,task193
1326,,"InferenceError: [ShapeInferenceError] Inference error(s): (op_type:Conv, node name: safe_name_10): [ShapeInferenceError] Attribute pads must not contain negative values
",,,,1e529cfaf059e7c37000455e34dd4715ac501ef5ca1312b6a43ba5a3d3fdc68c,-230,base-unscorable,,True,1096,756,,570,186,18.37195862382047,4e52627397bd8f08e64b2bbb9e31391cc9fb74ed69be81e0d57cf00bf714b3d2,,task200
984,,,,,,b465c22aeeb518bccdc671e130f29bd7063e1ffcf343ebe14e37709d4c6df542,0,identical,,False,984,,,,,,b465c22aeeb518bccdc671e130f29bd7063e1ffcf343ebe14e37709d4c6df542,,task215
3827,,,,,,0038e4acab3d2729afe59f9fb0192ec2baf1f75d8911eba47abad774c38f008c,0,identical,,False,3827,,,,,,0038e4acab3d2729afe59f9fb0192ec2baf1f75d8911eba47abad774c38f008c,,task216
1854,,,,,,682e08ff319c04ab4d5b8b7e89294895559525a24f8a29f4167afc3e4754e610,0,identical,,False,1854,,,,,,682e08ff319c04ab4d5b8b7e89294895559525a24f8a29f4167afc3e4754e610,,task225
922,,"InferenceError: [ShapeInferenceError] Inference error(s): (op_type:Conv, node name: safe_name_4): [ShapeInferenceError] Attribute pads must not contain negative values
",,,,998646f17484c50b2d2fac559a4d31c478b855ce7799659b92c8f53e04757208,-264,base-unscorable,,True,658,170,,111,59,19.864201562949738,f3e1811e26406e3728fbec90a1b573865171d86aa8c4984ea12060f5d1c2ff91,,task235
2170,,,,,,e9aeff6e099014ff58b77a324f6da45af8f60d07c1dc0ba486776503cb8eb88b,0,identical,,False,2170,,,,,,e9aeff6e099014ff58b77a324f6da45af8f60d07c1dc0ba486776503cb8eb88b,,task240
1504,,,,,,989c4fd9722c3cc5525b2790dbdc668e52e2bc959654065b45f5c98e120c6c2d,0,identical,,False,1504,,,,,,989c4fd9722c3cc5525b2790dbdc668e52e2bc959654065b45f5c98e120c6c2d,,task256
930,,,,,,32e5452b9089ab217e13dc4aac064b7807f9397603a66e5a5a945ffa3b0f5ef6,0,identical,,False,930,,,,,,32e5452b9089ab217e13dc4aac064b7807f9397603a66e5a5a945ffa3b0f5ef6,,task257
1142,,"InferenceError: [ShapeInferenceError] Inference error(s): (op_type:Conv, node name: safe_name_4): [ShapeInferenceError] Attribute pads must not contain negative values
",,,,ccf8d8d5a847456696fda2699cab5171356fee1256c98ecf973ca3e1bb60bc9d,-629,base-unscorable,,True,513,175,,75,100,19.835214026076486,4c22e719d487685a497cb5bf4c54952a85f33be37dda111e2ef86818e3b5e3e3,,task266
3931,,,,,,3f11dfbd0c055943f860c2010ebf0bed3622553a5e20d19d153256bc772be274,0,identical,,False,3931,,,,,,3f11dfbd0c055943f860c2010ebf0bed3622553a5e20d19d153256bc772be274,,task270
1554,,,,,,ed69daadd2fdd8f651e628a2bf97e3cd4aa5a2027d02e5efacba7461cf359457,0,identical,,False,1554,,,,,,ed69daadd2fdd8f651e628a2bf97e3cd4aa5a2027d02e5efacba7461cf359457,,task273
217,,,,,,2a3e881ae92099c36f1955bdf96ca1e9f77a4ef3d1d3eb58c63eccc80a655c7e,0,identical,,False,217,,,,,,2a3e881ae92099c36f1955bdf96ca1e9f77a4ef3d1d3eb58c63eccc80a655c7e,,task276
751,,,,,,e009c00b12c7c4f3431b2067475df591f676847aecfb66291c10687e69500399,0,identical,,False,751,,,,,,e009c00b12c7c4f3431b2067475df591f676847aecfb66291c10687e69500399,,task278
856,,,,,,363c5fe0400628c3bebe342041d5eabef04da2d5d6db9082a9341650f99c483d,0,identical,,False,856,,,,,,363c5fe0400628c3bebe342041d5eabef04da2d5d6db9082a9341650f99c483d,,task283
3834,,,,,,ea3df25a706b8a67c43b8c42388dd3d6a19fc331b774e2bfa6c2fe3d96543a7e,0,identical,,False,3834,,,,,,ea3df25a706b8a67c43b8c42388dd3d6a19fc331b774e2bfa6c2fe3d96543a7e,,task284
1022,,,,,,4d6d4d5aa45eccda3d1b31ee747cb6c7f862598eb3138401c41ef1055c64bd9b,0,identical,,False,1022,,,,,,4d6d4d5aa45eccda3d1b31ee747cb6c7f862598eb3138401c41ef1055c64bd9b,,task287
499,,,,,,f5dbb65451bb16d37f5e44041120e559dd95ac030ffb9d13dc5ac7c8850119d5,0,identical,,False,499,,,,,,f5dbb65451bb16d37f5e44041120e559dd95ac030ffb9d13dc5ac7c8850119d5,,task292
408,,,,,,9deeee9123af21f30d994cdaa2d3d75043178ba73f6e37f7487b24fb1391d39a,0,identical,,False,408,,,,,,9deeee9123af21f30d994cdaa2d3d75043178ba73f6e37f7487b24fb1391d39a,,task293
622,,,,,,693013dcc574bbb81a7f85bba6da0389decacd5544f12162ba4c6858bc5a703e,0,identical,,False,622,,,,,,693013dcc574bbb81a7f85bba6da0389decacd5544f12162ba4c6858bc5a703e,,task296
206,,,,,,56955386dbd6988f9e27af533d96825185683e229ceaf0280793dea8c5d5b155,0,identical,,False,206,,,,,,56955386dbd6988f9e27af533d96825185683e229ceaf0280793dea8c5d5b155,,task307
217,,,,,,c47b834e65872a11ec0cda3c8246948b8365f81f916610b49ed07267815733d9,0,identical,,False,217,,,,,,c47b834e65872a11ec0cda3c8246948b8365f81f916610b49ed07267815733d9,,task309
4223,,,,,,cd303d7c495546f2313cb3b65f44020975cdbe5683ad1c0a4ad9dd7d022d639a,0,identical,,False,4223,,,,,,cd303d7c495546f2313cb3b65f44020975cdbe5683ad1c0a4ad9dd7d022d639a,,task324
1556,,,,,,52b1dbfed9812c7d61802191ad36e5134ccdd4b0f5294056bbedc1d90e1fe677,0,identical,,False,1556,,,,,,52b1dbfed9812c7d61802191ad36e5134ccdd4b0f5294056bbedc1d90e1fe677,,task330
529,,,,,,9cc8f43825d9d730411e64532258029c695b5f5a6ff06bb543aca67424c81bf4,0,identical,,False,529,,,,,,9cc8f43825d9d730411e64532258029c695b5f5a6ff06bb543aca67424c81bf4,,task332
1682,,,,,,82f44847be0cc7a25b720d83a0b860272aa4c99a2a2632f01002843fb47b2e16,0,identical,,False,1682,,,,,,82f44847be0cc7a25b720d83a0b860272aa4c99a2a2632f01002843fb47b2e16,,task333
792,,,,,,12d173701db38bc50e1a06fcbc76648c0009ea658f756c3fbba8fd1003a992c7,0,identical,,False,792,,,,,,12d173701db38bc50e1a06fcbc76648c0009ea658f756c3fbba8fd1003a992c7,,task347
696,,,,,,4fc1f47414a1dbf9bd9b89c6becc37189e1913658e09133b2f485d6dcf2ab2b9,0,identical,,False,696,,,,,,4fc1f47414a1dbf9bd9b89c6becc37189e1913658e09133b2f485d6dcf2ab2b9,,task350
1174,,,,,,8a6e96a689942265d4274b33622b292fc5f56d3e36e8a525dc2fad9c803cc154,0,identical,,False,1174,,,,,,8a6e96a689942265d4274b33622b292fc5f56d3e36e8a525dc2fad9c803cc154,,task354
3416,,,,,,66c324166982890165c500b1e7c4681a0d2c4f0d009903c75ddad62665c73b41,0,identical,,False,3416,,,,,,66c324166982890165c500b1e7c4681a0d2c4f0d009903c75ddad62665c73b41,,task361
2168,,"InferenceError: [ShapeInferenceError] Inference error(s): (op_type:Conv, node name: safe_name_7): [ShapeInferenceError] Attribute pads must not contain negative values
",,,,f19018a3101987f4fabfdbdb561c99040bced6864f2b2371c29618faca94c660,-306,base-unscorable,,True,1862,20805,,20700,105,15.057051378582958,744e959a70c89d002d720d5883b598bae71dd7d84165e7b03028fffdb8d76bc0,,task364
3836,,,,,,533f8ee94ea6781f08612168aff6ac5270867c00fa853500e4b79f041a717c39,0,identical,,False,3836,,,,,,533f8ee94ea6781f08612168aff6ac5270867c00fa853500e4b79f041a717c39,,task365
2093,,,,,,f719b3a457e6aec132af040e5b898329010e991e1bdb86a5b10d56bf762ecfde,0,identical,,False,2093,,,,,,f719b3a457e6aec132af040e5b898329010e991e1bdb86a5b10d56bf762ecfde,,task367
1331,,,,,,8bdb17dd914fe938c1369ef61a8440f8ddcd1d2fab3c353bd002968414dc9c89,0,identical,,False,1331,,,,,,8bdb17dd914fe938c1369ef61a8440f8ddcd1d2fab3c353bd002968414dc9c89,,task381
1731,,"InferenceError: [ShapeInferenceError] Inference error(s): (op_type:ConvTranspose, node name: output): [ShapeInferenceError] Attribute pads must not contain negative values
",,,,75dc68ca140213f2a46eddf470420acc22a6e20067776370bb8b6b6eabc94834,-365,both-unscorable,,True,1366,,"InferenceError: [ShapeInferenceError] Inference error(s): (op_type:ConvTranspose, node name: output): [ShapeInferenceError] Attribute pads must not contain negative values
",,,,8f47e1b974e2b1dbfb0d46a70114b43408d6e9d8be022fd44712277274582d2b,,task384
175,,,,,,629a5673b6a8e745a4c5b1b5afcf3c5e7214f2fd7c54d7f5da27eb3e788ea5d1,0,identical,,False,175,,,,,,629a5673b6a8e745a4c5b1b5afcf3c5e7214f2fd7c54d7f5da27eb3e788ea5d1,,task385
3876,,,,,,54bc07edc11fcfd060c667a3e6b3b20c6d12fb24d2aa17d25ab99662637d54d4,0,identical,,False,3876,,,,,,54bc07edc11fcfd060c667a3e6b3b20c6d12fb24d2aa17d25ab99662637d54d4,,task387
