config,adjusted_edge_jaccard,division_jaccard,proxy_score,div_tp,div_fp,div_fn,missed_gt_nodes,spurious_pred_nodes,edges_recovered,edges_fragmented,edges_lost_to_detection,wrong_association_edges,n_samples,seconds,overrides
flow65,0.9243704161572787,0.16666666666666666,0.9410370828239454,7,8,27,229,449145,14034,350,267,19,24,882.5699303150177,"{""MOTION_RELINK_FLOW_TIGHT_UM"": 6.5}"
readmit090,0.9238086330974667,0.16666666666666666,0.9404752997641335,7,8,27,227,460481,14041,343,267,19,24,916.7965624332428,"{""READMIT_MIN_SCORE"": 0.9}"
gap45,0.9237170185520068,0.16666666666666666,0.9403836852186735,7,8,27,229,449009,14035,349,267,19,24,791.0706307888031,"{""GAP_CLOSE_UM"": 4.5}"
base,0.9237038771519548,0.16666666666666666,0.9403705438186215,7,8,27,229,449134,14035,349,267,19,24,835.5857417583466,{}
divmax95,0.9237038373671981,0.16666666666666666,0.9403705040338648,7,8,27,229,449138,14035,349,267,19,24,867.7128710746765,"{""SAFE_DIV_MAX_UM"": 9.5}"
gapfill04,0.9237026820250267,0.16666666666666666,0.9403693486916934,7,8,27,229,449152,14035,349,267,19,24,914.4761040210724,"{""GAPFILL_MIN_SCORE"": 0.4}"
bonus125,0.9235164997980838,0.16666666666666666,0.9401831664647505,7,8,27,229,449148,14034,350,267,19,24,845.5030362606049,"{""MOTION_RELINK_LEARNED_BONUS"": 1.25}"
readmit5,0.9234595751885493,0.16666666666666666,0.940126241855216,7,8,27,224,450535,14040,346,265,18,24,866.7447304725647,"{""READMIT_RADIUS_UM"": 5.0}"
readmit3,0.9231460918872166,0.16666666666666666,0.9398127585538834,7,8,27,241,447565,14020,346,285,18,24,849.3349125385284,"{""READMIT_RADIUS_UM"": 3.0}"
diverge15,0.9235788817927435,0.14893617021276595,0.9384724988140201,7,13,27,229,449211,14037,347,267,20,24,946.006219625473,"{""SAFE_DIV_DIVERGE_UM"": 1.5}"
flow75,0.9213683541269352,0.16666666666666666,0.9380350207936019,7,8,27,231,449191,14021,360,270,21,24,853.2382688522339,"{""MOTION_RELINK_FLOW_TIGHT_UM"": 7.5}"
